1,Roseanne Rowesby,Non-binary,08/05/1998
2,Vivienne Hebditch,Genderqueer,19/05/1981
3,Wyatt Pridie,Female,12/08/1980
4,Karmen Chillistone,Female,29/01/1991
5,Nathaniel Creasey,Female,10/07/1997
6,Kory Ruddell,Non-binary,18/04/1979
7,Vivie Giles,Genderfluid,31/08/1992
8,Thaddus Ferrai,Male,19/09/2000
9,Yettie Di Baudi,Male,25/07/2000
10,Guendolen Hissie,Genderfluid,20/06/1997
11,Johann Ades,Genderfluid,11/12/1988
12,Isahella Pruvost,Genderfluid,09/02/1981
13,Lea Morforth,Male,28/08/1979
14,Winnie Harses,Genderqueer,06/01/1984
15,Lowe Glossup,Bigender,28/01/2000
16,Windy Arthars,Non-binary,02/03/1979
17,Eziechiele Upstell,Non-binary,02/07/1986
18,Yorgos Kitchinham,Genderfluid,10/06/1993
19,Milicent Kynd,Non-binary,28/02/1990
20,Luis Bloxsome,Genderfluid,01/08/1981
21,Cammi Royal,Bigender,09/04/1998
22,Leoline Jenken,Male,14/09/1998
23,Vincenty Baseke,Agender,30/04/1976
24,Marquita Schwartz,Genderqueer,26/01/1978
25,Fanny Dowry,Bigender,10/08/1977
26,Glynnis Skein,Genderfluid,18/05/1987
27,Tedra Manuaud,Agender,24/04/1978
28,Gerladina Shutte,Polygender,25/10/1987
29,Silvie Canon,Bigender,22/05/1993
30,Erena Grundon,Polygender,11/11/1982
31,Bebe O' Clovan,Bigender,11/09/1990
32,Ruth Karsh,Genderqueer,19/11/1994
33,Erich I'anson,Genderqueer,06/01/1996
34,Delinda Bresson,Bigender,18/02/1997
35,Charmion Mixon,Bigender,19/02/1992
36,Rheba Holburn,Genderqueer,08/01/1980
37,Odilia Margetts,Non-binary,03/11/1987
38,Stanton Falconar,Male,13/07/1998
39,Lauraine Izon,Non-binary,18/10/1983
40,Chrysa Radbond,Genderqueer,03/05/1976
41,Phelia Mangeon,Agender,01/05/1987
42,Travers Rowland,Agender,13/09/1999
43,Hymie South,Bigender,30/11/1979
44,Charleen Climance,Bigender,21/08/1991
45,Taylor Legrand,Genderqueer,21/01/1979
46,Roscoe Mercik,Female,11/08/1984
47,Anstice Blundin,Male,21/03/1994
48,Jud McGiff,Genderqueer,15/11/1981
49,Tamra Statter,Male,19/12/1985
50,Diandra Faulkes,Polygender,12/01/1977
51,Ag Grenkov,Agender,13/11/1997
52,Ruperta Akenhead,Genderqueer,10/07/1999
53,Roze Daft,Bigender,10/09/1978
54,Ulberto Mathes,Male,30/01/1981
55,Duky Mager,Female,01/04/1993
56,Shari Glavias,Polygender,08/08/1997
57,Job Coldrick,Male,05/01/1994
58,Arleta Cleiment,Bigender,03/09/1985
59,Barbra Dawidowitz,Male,17/05/1986
60,Tani Matyatin,Polygender,28/02/1991
61,Montague Kendell,Bigender,18/12/1982
62,Creigh Druce,Male,08/10/1976
63,Victoria Martindale,Agender,17/05/1993
64,Gabbey Kleinhaus,Male,01/04/1997
65,Son Vannuchi,Non-binary,27/09/1988
66,Ado Merwede,Bigender,23/10/1991
67,Melva Spadollini,Genderqueer,18/01/1982
68,Antonina Turvey,Genderfluid,21/11/1981
69,Hussein Levington,Non-binary,05/08/1976
70,Derry Denford,Non-binary,07/10/1992
71,Kristina Kenwell,Genderqueer,22/06/1997
72,Kati Emma,Genderqueer,12/11/1997
73,Angelo Normadell,Male,30/10/1979
74,Lona Rove,Polygender,01/08/1995
75,Merl Dealey,Female,28/08/1996
76,Tamarra Cochran,Non-binary,28/01/1989
77,Pansie Lusted,Genderfluid,16/07/1996
78,Kristyn Bowcher,Female,20/09/1983
79,Edlin Calyton,Polygender,24/06/1980
80,Frederick Swynfen,Polygender,15/03/1982
81,Meghan Samsonsen,Genderfluid,17/09/1990
82,Jasun Jankovic,Agender,27/05/1998
83,Karney Vassbender,Genderqueer,23/01/1990
84,Dane Francklin,Genderfluid,30/12/1987
85,Floris Bomfield,Polygender,26/09/1994
86,Andria McTrustram,Female,07/11/1997
87,Nevile Gregoli,Polygender,12/08/1982
88,Chase Clist,Non-binary,31/10/2000
89,Armand Bowler,Polygender,18/12/1979
90,Chas Gunter,Female,03/05/1976
91,Evelyn Meritt,Male,01/08/2000
92,Alistair Illingsworth,Agender,25/10/1989
93,Boigie Aggis,Male,02/05/1984
94,Bree MacCollom,Polygender,06/01/1984
95,Teddy McFall,Agender,31/01/2000
96,Estele Chaney,Polygender,29/06/1984
97,Tedi Arnao,Female,20/10/1992
98,Randolf McGorman,Male,19/12/1983
99,Abbi Joselevitch,Female,03/10/1996
100,Hewet Haselup,Non-binary,07/03/1985
101,Olly Molloy,Non-binary,05/04/1996
102,Dannel Hackford,Bigender,27/05/1977
103,Rodi Stearnes,Agender,29/03/2000
104,Baxter Helks,Agender,03/06/1993
105,Yetta MacNeish,Genderfluid,11/02/1995
106,Marijo Laurencot,Female,13/03/1995
107,Wilhelm Antuoni,Genderqueer,15/02/1988
108,Abram Cosbee,Genderqueer,17/03/1978
109,Malva Castilla,Genderqueer,25/03/1981
110,Nedda Mitkcov,Female,25/12/1999
111,Rudolf Evensden,Agender,27/02/1978
112,Sheridan Sowrey,Genderfluid,24/12/1998
113,Nathaniel Creech,Agender,05/11/1985
114,Allan Catt,Polygender,27/10/1998
115,Cheslie Hughill,Agender,08/10/1983
116,Kent Holbie,Polygender,17/04/1999
117,Adrian Lidierth,Genderqueer,24/04/2000
118,Phyllys Tippler,Bigender,13/12/1994
119,Murielle Elsby,Male,07/10/1980
120,Huey Kenset,Female,26/09/1984
121,Donia Odlin,Agender,09/04/1993
122,Ethelda Briscam,Non-binary,19/03/1976
123,Carolin Corking,Agender,11/07/1991
124,Kaiser Von Welldun,Bigender,21/08/1985
125,Darius Whalley,Bigender,18/12/1976
126,Dodi Faux,Bigender,26/10/1984
127,Leicester Papps,Polygender,25/10/1995
128,Essie Rummings,Genderqueer,18/08/1998
129,Raine Beever,Polygender,09/06/1992
130,Sophey Denyukin,Agender,17/01/1982
131,Emanuel Hobbert,Agender,27/07/1997
132,Christean Fawson,Bigender,15/09/1979
133,Adorne Hartly,Bigender,05/11/1978
134,Mar Tuxill,Polygender,11/08/1989
135,Coriss Wolton,Female,24/07/1985
136,Porter Oury,Bigender,03/12/1977
137,Haleigh MacCague,Agender,20/07/1988
138,Bunni Sellwood,Genderqueer,19/04/1984
139,Melisenda Cuolahan,Genderfluid,25/08/1985
140,Maude Startin,Agender,24/02/1980
141,Freddy Kunneke,Agender,24/01/1991
142,Retha Ormston,Male,24/06/1982
143,Ware Kopecka,Bigender,16/07/1977
144,Alvira Holdey,Agender,15/01/1977
145,Dorelle Waadenburg,Genderfluid,08/10/1993
146,Barry Corneliussen,Genderfluid,25/07/1983
147,Marshall Metcalfe,Female,29/11/1996
148,Ebony Ormerod,Female,16/09/1994
149,Rhonda Iddon,Genderfluid,18/09/1986
150,Stacee Coda,Non-binary,20/07/1980
151,Dominick Piris,Genderfluid,27/05/1986
152,Jo-ann Lessmare,Male,21/06/1992
153,Dillie Wilds,Non-binary,31/07/1995
154,Gearalt Chazier,Female,25/10/1997
155,Ax Aidler,Polygender,12/02/1988
156,Winnah Whiscard,Agender,19/03/1990
157,Cairistiona Wilcinskis,Genderfluid,17/03/1978
158,Russell Craydon,Bigender,21/01/1981
159,Chet Laurens,Polygender,14/01/1993
160,Mayer Puzey,Polygender,07/01/1998
161,Megen Doget,Bigender,09/09/1983
162,Ninnette Connerly,Non-binary,12/12/1997
163,Selig Matushevich,Bigender,23/02/1992
164,Hastie Ilymanov,Female,09/01/2000
165,Josselyn Wozencraft,Polygender,27/01/1994
166,Kathrine Danovich,Bigender,26/03/1993
167,Jarad Burdell,Agender,18/09/1996
168,Benoit Tunnoch,Genderfluid,27/04/1980
169,Buddy Vickerstaff,Bigender,16/08/1997
170,Neysa Maestro,Polygender,07/06/1976
171,Piggy Yeiles,Agender,01/06/1980
172,Sammy Lydall,Genderfluid,06/10/1999
173,Cayla Walcher,Genderfluid,25/09/1999
174,Lemar Karlik,Agender,03/05/1982
175,Seana Saul,Genderfluid,20/01/1977
176,Willamina Durnall,Non-binary,28/12/1978
177,Samson Orrah,Agender,29/07/1980
178,Noam Goodridge,Genderfluid,24/11/1982
179,Sandro Course,Agender,23/05/1983
180,Shurwood Philcott,Genderqueer,07/01/1989
181,Mischa Tobias,Agender,02/05/1999
182,Loella Moehler,Genderfluid,02/11/1987
183,Dorris Coley,Genderfluid,12/09/1987
184,Wright Delafont,Bigender,06/09/1997
185,Griffy Gagan,Bigender,27/05/1999
186,Cathi Schubart,Male,06/11/1984
187,Zena Bernardes,Female,10/08/1991
188,Ynez Christian,Non-binary,13/08/1991
189,Stanislas Ruddock,Female,04/07/1994
190,Wilden Bache,Genderfluid,10/05/1997
191,Corbett Gurrado,Bigender,15/10/1994
192,Parrnell Kuban,Genderfluid,24/12/1980
193,Caron Hattam,Male,10/12/1976
194,Maye Allett,Agender,22/11/1983
195,Lyndy Scawen,Bigender,13/01/1981
196,Ira Tapson,Bigender,10/08/1981
197,Chan Porte,Bigender,27/02/1987
198,Huey Rothery,Polygender,11/10/1980
199,Carolina Andreassen,Bigender,23/06/2000
200,Nancee Phythian,Male,23/03/1983
201,Carlen Alliker,Genderqueer,20/09/1980
202,Cameron McCoole,Agender,14/08/1988
203,Caitlin Hobbing,Non-binary,02/02/1995
204,Tabbie McLeman,Bigender,05/04/1978
205,Bertrand Garrod,Genderfluid,20/07/1996
206,Bethany O'Luney,Genderfluid,09/08/1983
207,Kennan Goodrick,Polygender,23/01/1976
208,Cornell Grieves,Female,07/08/1989
209,Flss Huonic,Genderqueer,17/02/1994
210,Lynnelle Digance,Male,20/01/1987
211,Ainslie Biskupek,Polygender,05/01/1999
212,Ole Hardy,Non-binary,12/02/1981
213,Sherman Izakof,Polygender,06/07/1979
214,Gretal Shervil,Non-binary,29/01/1982
215,Viv McGaughay,Non-binary,02/09/1999
216,Jobi Jacmar,Agender,07/10/1991
217,Ainsley Assel,Non-binary,28/10/1991
218,Lorenzo Axup,Bigender,19/03/2000
219,Betsy Stocken,Bigender,14/04/1977
220,Fowler Ferguson,Genderfluid,29/07/1977
221,Roman MacMenamin,Genderfluid,03/06/1999
222,Shelagh Pickerin,Polygender,01/06/1981
223,Jerrylee Alberts,Non-binary,03/09/1992
224,Denice Embra,Non-binary,27/06/1985
225,Starr MacCartney,Polygender,01/04/1978
226,Denys Duddy,Genderfluid,18/05/1999
227,Radcliffe Spinelli,Polygender,04/02/1986
228,Wernher Toffalo,Female,17/06/1980
229,Roanne Tonnesen,Bigender,09/02/1983
230,Gaultiero Elvins,Genderqueer,10/11/1992
231,Jilly Boag,Genderfluid,24/08/1980
232,Raye Brammar,Female,07/09/2000
233,Judas Cattemull,Polygender,21/03/1978
234,Dudley Ickovici,Female,10/06/1992
235,Gwenette Pietsma,Non-binary,19/08/1988
236,Dorothy Brok,Male,20/03/1979
237,Maddy Kabsch,Male,02/03/1991
238,Eduardo Leatherbarrow,Bigender,17/06/1998
239,Leopold Warwick,Male,19/06/1979
240,Zia Trayhorn,Genderfluid,03/06/1981
241,Darlene Bateman,Polygender,07/09/1995
242,Rosabelle Warstall,Female,24/02/1993
243,Rycca Bannester,Polygender,01/02/1997
244,Roxanna Arnson,Non-binary,09/05/1978
245,Brendin McGillicuddy,Male,23/05/1990
246,Corissa Hewlings,Male,09/09/1999
247,Tadeo Lympany,Polygender,16/08/1983
248,Lee Hembling,Agender,12/02/1993
249,Gradey Geillier,Non-binary,11/03/1984
250,Vally Reford,Bigender,14/10/1979
251,Les Strowther,Genderfluid,14/05/1993
252,Gerhardt Orts,Agender,28/04/1993
253,Ransell Crunkhurn,Genderqueer,27/11/1980
254,Bern Kilmurray,Non-binary,12/09/1983
255,Garland Pallant,Polygender,23/12/1989
256,Lianne Tebbet,Genderfluid,10/04/1985
257,Euell Worley,Genderqueer,16/01/1987
258,Way Lythgoe,Male,08/02/1984
259,Ignacius Kernan,Non-binary,27/02/1994
260,Nataniel Roycroft,Agender,24/07/1990
261,Benedikt Crevagh,Male,22/03/1985
262,Abrahan Matyasik,Male,25/11/1982
263,Vale Waddup,Non-binary,11/07/1977
264,Eyde Dovington,Male,13/06/1978
265,Daveta Creenan,Polygender,05/06/1995
266,Roselia Quiddihy,Genderqueer,02/07/1994
267,Tudor Helks,Bigender,07/01/1985
268,Carmen Thrower,Bigender,21/09/1999
269,Cecilla Badini,Genderqueer,18/12/2000
270,Mehetabel O'Concannon,Bigender,17/05/1989
271,Kalil Bunstone,Male,29/02/1988
272,Lauralee Grene,Bigender,10/09/1998
273,Rickie Asee,Bigender,30/04/1979
274,Marlie Tearny,Male,10/08/1986
275,Tiffi Bolt,Female,06/01/1980
276,Rufe McCullum,Non-binary,03/07/1988
277,Chris Hazley,Genderqueer,10/10/1997
278,Raynard Elmar,Male,25/05/1977
279,Lyndell O'Griffin,Genderfluid,22/03/1979
280,Atalanta Lockhart,Agender,03/04/1995
281,Aubrette Gilbane,Non-binary,06/12/1979
282,Dulcine Kirman,Agender,16/07/1986
283,Quill Durham,Non-binary,29/11/1992
284,Kathlin Winsor,Genderfluid,08/12/1977
285,Bibbye Perche,Bigender,08/08/1979
286,Carl Bertelsen,Agender,06/01/1976
287,Winnie Furse,Non-binary,08/09/1992
288,Jarrad Croft,Agender,28/05/1986
289,Veda Orcott,Genderqueer,09/04/1997
290,Cheslie Loughman,Polygender,08/05/1985
291,Alene Wellbelove,Genderqueer,08/06/1979
292,Conny Bouttell,Male,08/08/1994
293,Willamina Everix,Male,19/11/1984
294,Elsi Cully,Female,25/03/1979
295,Carlynn Shaxby,Genderfluid,13/12/1999
296,Roxanna Lamkin,Bigender,06/07/1995
297,Thacher Rayer,Non-binary,02/12/1999
298,Ines Clowney,Polygender,04/12/1990
299,Maridel Peeke-Vout,Bigender,24/12/1986
300,Cathy Hugonet,Non-binary,12/03/2000
301,Morten Birtonshaw,Female,11/08/1988
302,Hersch Muckley,Agender,28/11/1994
303,Trace Noke,Genderfluid,16/08/1999
304,Zsazsa Burdis,Male,25/07/1999
305,Hayward Winkless,Non-binary,26/03/1998
306,Cam Sein,Non-binary,19/06/1984
307,Giles Soeiro,Polygender,09/09/1990
308,Isadore Birkby,Female,17/06/1988
309,Nanny McCrainor,Bigender,04/04/1990
310,Darsie Killwick,Agender,23/01/1989
311,Gabriella Gibben,Non-binary,09/08/1993
312,Osbert Saint,Genderfluid,06/08/1977
313,Kizzee Truce,Bigender,01/11/1988
314,Inigo Threlkeld,Male,30/06/1988
315,Oswell Monck,Genderqueer,09/06/1992
316,Sebastiano Wilmot,Female,13/01/1990
317,Von Cray,Male,26/05/1999
318,Ripley Gidley,Female,27/05/1984
319,Reagen Wynn,Genderfluid,07/06/1994
320,Davon Lambin,Polygender,20/12/1979
321,Murvyn Yashnov,Polygender,18/04/1976
322,Merrel Knapp,Bigender,20/09/1986
323,Cami Bockman,Female,18/06/1989
324,Krystalle Pallaske,Polygender,22/07/1986
325,Holly-anne Elves,Bigender,03/03/1986
326,Michale Waith,Agender,03/04/1984
327,Valeria Roots,Genderfluid,26/01/1982
328,Matty Forbear,Genderfluid,23/04/1979
329,Constantino Gilyatt,Male,07/02/1985
330,Tymon Pauncefort,Genderfluid,24/06/1992
331,Meta Vanyukhin,Polygender,20/03/1989
332,Karlik Bridgstock,Polygender,01/09/1999
333,Cornelle Bronger,Non-binary,05/03/1997
334,Sydel Caudell,Genderqueer,08/09/1982
335,Esme Grinishin,Genderfluid,16/07/1977
336,Luce Gumary,Female,24/02/1980
337,Dunstan Meriot,Bigender,17/07/1987
338,Jehanna Kobpa,Genderqueer,04/04/1989
339,Olly Buckeridge,Female,19/04/1996
340,Alina Woolager,Polygender,15/09/1993
341,Beverly Holhouse,Agender,25/04/1993
342,Valentina Poole,Genderqueer,16/03/2000
343,Miran Scogin,Bigender,14/12/1980
344,Edythe Brereton,Bigender,11/12/1987
345,Sigfried MacGillicuddy,Non-binary,18/04/1989
346,Byrom Loachhead,Male,04/08/1982
347,Eldon McNaughton,Genderfluid,20/02/1979
348,Alicia Thomkins,Non-binary,30/08/1977
349,Oralia Gwinnett,Bigender,25/11/1976
350,Jesse Stockford,Polygender,19/02/1981
351,Tedd Pretswell,Male,18/09/1986
352,Durand Cattow,Male,30/11/1984
353,Rose Foli,Male,13/07/1999
354,Giorgia McPhilemy,Polygender,30/04/1986
355,Ozzy Wolton,Genderqueer,19/09/1994
356,Cathlene Bolzen,Male,18/03/1982
357,Garrik Huggin,Genderqueer,03/05/1991
358,Richardo Demeza,Polygender,28/09/1996
359,Jessie Ingre,Genderqueer,07/10/1984
360,Quinn Bockmaster,Bigender,12/06/1984
361,Andria Cahalin,Genderqueer,16/06/1986
362,Jackqueline Berrycloth,Female,23/11/1997
363,Burtie Beecroft,Bigender,16/11/1978
364,Muffin Pantlin,Male,22/03/1976
365,Willa Andrzejak,Non-binary,03/02/1992
366,Wendell Antonikov,Genderfluid,18/06/1981
367,Rici O'Loughane,Bigender,28/05/1987
368,Damara McGuane,Polygender,22/07/1976
369,Laura Cejka,Agender,29/06/1998
370,Boote Stithe,Polygender,14/12/1983
371,Melisa Struis,Genderqueer,30/05/1983
372,Faustine Van Hesteren,Genderfluid,17/08/1977
373,Osbert Imesen,Agender,08/11/1981
374,Chip Crinson,Genderfluid,27/04/1980
375,Vidovik Jenkin,Female,19/10/1984
376,Ann Greger,Genderqueer,07/12/1989
377,Jeanna Richie,Genderfluid,25/12/1980
378,Frazer Crottagh,Non-binary,24/11/1988
379,Grange Cottier,Male,26/12/1995
380,Beverly Upcott,Male,14/05/2000
381,Nicoline Spilling,Bigender,12/04/1996
382,Leonerd Wylam,Non-binary,26/12/1984
383,Dolli Snaden,Bigender,16/11/1981
384,Abby Elms,Bigender,08/07/1980
385,Milka Schimaschke,Non-binary,23/10/2000
386,Siffre Leech,Male,13/02/1997
387,Boyd McLennan,Non-binary,04/06/1992
388,Mallorie Tresvina,Bigender,22/07/1999
389,Rebeka Trebilcock,Non-binary,21/12/1993
390,Dominique Sumption,Polygender,05/06/1985
391,Willamina Cockerill,Female,12/05/1996
392,Stephine Gaye,Polygender,29/07/2000
393,Harrie Proschek,Agender,05/07/1998
394,Radcliffe Pikesley,Agender,21/09/1980
395,Moss Heffy,Female,13/04/1999
396,Anselm Greenroyd,Male,05/01/1988
397,Shaughn Ohms,Bigender,03/01/2000
398,Harwell Puddle,Male,24/07/1997
399,Ingaberg Dalliwatr,Bigender,10/02/1996
400,Rosita Lackington,Male,12/11/1999
401,Gwenette Venditto,Male,05/12/1999
402,Davie Lovegrove,Bigender,23/03/1988
403,Leta Bickley,Bigender,04/06/1985
404,Clive Brunt,Male,08/09/1993
405,Nikki Cadwallader,Bigender,06/10/1999
406,Lydon Hansel,Female,03/11/1991
407,Forbes Farris,Non-binary,06/05/1981
408,Rich Marchiso,Genderfluid,24/10/1988
409,Codi Binder,Polygender,28/11/1988
410,Annaliese Andreu,Female,31/12/1977
411,Elfreda Poplee,Genderqueer,10/11/1988
412,Lorraine Celiz,Agender,12/10/1992
413,Tamra De Michetti,Genderqueer,19/04/2000
414,Rocky Krzysztofiak,Polygender,13/06/1987
415,Charlena Collingridge,Polygender,25/09/1998
416,Roscoe Bailes,Female,02/10/1983
417,Bendix Sandars,Agender,20/09/1997
418,Gerome Pletts,Male,31/10/1989
419,Woody Lavery,Male,03/09/1999
420,Damara Padrick,Male,07/05/1976
421,Melodie Berni,Genderfluid,11/12/1979
422,Lorant Pooke,Genderqueer,07/07/1988
423,Maurizio Lodwick,Genderfluid,16/03/1998
424,Maurita Corbin,Agender,04/04/1985
425,Pepillo Bryant,Agender,03/07/1978
426,Gunilla Gaisford,Bigender,20/12/1999
427,Gardner Pastor,Male,01/01/1982
428,Simone Dono,Male,13/07/1986
429,Idalia Spatarul,Non-binary,17/10/1988
430,Jacquenette Duigenan,Genderfluid,14/03/1995
431,Faith Thripp,Bigender,24/07/1984
432,Anabella Olkowicz,Agender,11/02/1985
433,Daffy Flawith,Polygender,02/04/1996
434,Lynnett O'Ruane,Bigender,19/03/2000
435,Inger Conneau,Polygender,16/12/1981
436,Cullan Storm,Polygender,29/01/1991
437,Nelia Gini,Female,16/11/1994
438,Konstance Earnshaw,Genderfluid,12/12/1996
439,Kristina Warby,Agender,15/09/1988
440,Camila De Bellis,Genderfluid,22/12/1995
441,Ashlin Stranks,Female,01/08/1982
442,Hilary Nott,Male,20/03/1986
443,Saxe Docherty,Polygender,22/11/1994
444,Marcelle Birckmann,Agender,29/11/1986
445,Freddi Seleway,Genderfluid,11/10/1994
446,Orel Elcom,Genderfluid,14/06/2000
447,Germaine Welton,Genderfluid,07/01/1997
448,Tuckie Warrior,Genderfluid,16/04/1987
449,Lebbie Rowell,Genderqueer,23/05/1996
450,Dorene Blackham,Genderfluid,23/06/1993
451,Fran Lorans,Non-binary,16/01/1985
452,Ferdinande Hartnup,Polygender,30/06/1986
453,Kassia McShane,Agender,09/05/1980
454,Edmon Filyaev,Agender,30/06/1980
455,Leigh Harower,Male,13/01/1995
456,Marion Chafney,Bigender,25/11/1992
457,Marcos Tryhorn,Female,26/01/1986
458,Kaleb Salzburger,Bigender,12/11/1986
459,Larisa De Antoni,Bigender,08/06/1990
460,Rebecka Corish,Agender,12/10/1989
461,Mady Shoute,Genderqueer,27/10/1986
462,Rici Casbon,Genderqueer,04/10/1983
463,Jean MacNally,Bigender,27/03/1995
464,Vivi Bowdrey,Genderfluid,18/07/1999
465,Corrina Duligall,Non-binary,28/07/1998
466,Niles Walwood,Non-binary,16/10/1983
467,Ezri Drinkeld,Female,15/07/1977
468,Brenn Girodier,Agender,26/03/2000
469,Clayborn Gatward,Genderqueer,24/12/1984
470,Garwood Di Biasio,Non-binary,03/10/1981
471,Giffy Attenborrow,Genderqueer,06/08/1999
472,Bordy Galtone,Genderqueer,11/09/1992
473,Gaylor Harnor,Genderqueer,02/03/1976
474,Dmitri Gioani,Non-binary,12/09/1996
475,Winston Lambricht,Genderqueer,23/11/1978
476,Dynah Dyster,Bigender,17/07/1992
477,Prince MacClinton,Polygender,02/03/1988
478,Merna Shireff,Female,04/12/2000
479,Say Isham,Male,11/04/2000
480,Jdavie Verring,Non-binary,07/06/1980
481,Debor Brummell,Genderqueer,26/12/1984
482,Casey Piolli,Polygender,22/09/1987
483,Nevins Kepp,Genderfluid,29/12/2000
484,Mikael Van der Mark,Male,02/04/1991
485,Lamar Shepcutt,Male,13/09/1986
486,Meggi Pickworth,Non-binary,21/01/1988
487,Carl Quarrell,Bigender,29/11/1984
488,Henrie Maltman,Non-binary,29/10/1997
489,Auguste Isenor,Female,18/04/1992
490,Netti Weald,Bigender,15/01/1989
491,Anton Murney,Bigender,12/10/1991
492,Honoria Lown,Agender,27/10/1990
493,Englebert Tremayne,Polygender,08/03/1995
494,Olly Hessle,Non-binary,02/08/1987
495,Annette Allport,Male,11/11/1992
496,Muriel Jenney,Non-binary,12/08/1993
497,Rikki Farryn,Polygender,14/04/1978
498,Emmaline Koeppe,Female,04/07/1996
499,Leontyne Jonsson,Female,28/01/1998
500,Tedie Endicott,Bigender,15/02/1986
501,Jervis Speares,Genderfluid,07/08/1998
502,Raquel Merrikin,Genderfluid,06/12/1999
503,Cahra Cassius,Bigender,02/01/1995
504,Merissa Advani,Genderqueer,17/12/1991
505,Marji Marjoribanks,Female,02/07/1986
506,Rianon Marcu,Male,14/09/1986
507,Ashbey Dooland,Female,04/09/1991
508,Cinda Capper,Genderfluid,21/03/1980
509,Matthieu Diess,Male,20/04/1999
510,Rowney Benasik,Genderqueer,26/04/1985
511,Nonie Rimes,Genderfluid,07/08/1993
512,Niel O'Neill,Male,23/10/1983
513,Fabiano Sweeny,Bigender,03/09/1995
514,Tamar Rushman,Genderqueer,18/09/1995
515,Angie Mendenhall,Agender,02/09/1981
516,Doralynn Chidler,Female,01/04/1977
517,Royal Roland,Polygender,24/06/1976
518,Arne Crayke,Male,07/12/1988
519,Broddy Peasnone,Non-binary,15/05/1998
520,Birgit Bellis,Male,23/03/1997
521,Sloan Bruin,Non-binary,18/06/1999
522,Lauren Melchior,Genderfluid,30/01/1991
523,Fowler McGonigal,Genderqueer,28/08/1987
524,Jereme Foottit,Genderfluid,28/02/1984
525,Myranda Greaterex,Female,25/03/1981
526,Carlynne Miche,Polygender,23/05/1987
527,Louella Birnie,Polygender,04/03/1997
528,Lita Gamlin,Polygender,08/05/1997
529,Eleni Hesser,Female,19/07/2000
530,Patton Tsarovic,Genderfluid,02/01/2000
531,Rosalia Romme,Agender,08/04/1984
532,Irene Ivie,Non-binary,05/05/1984
533,Teodoor Norree,Female,24/10/1984
534,Chaddie MacKaig,Male,11/05/1986
535,Byram Micheli,Bigender,09/10/1987
536,Lin Neillans,Male,27/04/1999
537,Denver Tripony,Female,26/09/1977
538,Linc Siemandl,Genderqueer,20/12/1997
539,Jennilee Keighley,Male,20/04/1997
540,Corty Birks,Female,05/10/1997
541,Whitney Addy,Male,18/12/1994
542,Weber McVicar,Male,13/01/1996
543,Ermanno Darkott,Agender,17/08/1985
544,Kincaid Hanna,Bigender,03/02/1982
545,Jan Aslum,Agender,06/01/1989
546,Viviene Geelan,Genderqueer,23/06/1979
547,Zara Ferreri,Genderqueer,02/08/1987
548,Bowie Mairs,Genderfluid,02/10/1981
549,Jorey Pulley,Bigender,28/01/1993
550,Symon Evins,Bigender,27/03/1981
551,Elwyn Dibdale,Male,29/05/2000
552,Edith Coburn,Bigender,27/01/1994
553,Gay Stichall,Genderqueer,11/01/1991
554,Jud Di Pietro,Genderqueer,01/12/1991
555,Matthaeus Sidary,Female,01/07/1986
556,Rose Cormack,Female,27/06/1986
557,Juditha Pickless,Non-binary,18/10/1994
558,Reade Coole,Polygender,22/05/1978
559,Gwendolyn Neilson,Agender,26/09/1989
560,Rand Corona,Genderqueer,23/07/1979
561,Franklyn Yoslowitz,Non-binary,02/05/1977
562,Douglas Poleykett,Male,25/11/1992
563,Ranique Antonoyev,Polygender,25/08/1983
564,Gunar Eburne,Female,09/08/1979
565,Ky Goodin,Genderfluid,13/04/1997
566,Nancee Samms,Genderqueer,23/11/1995
567,Orelle Geaney,Polygender,21/11/1988
568,Daniele Treeby,Genderfluid,17/12/1995
569,Eleanor Dillway,Genderfluid,13/11/1986
570,Maurizio Mulcaster,Bigender,27/08/1976
571,Elbert Billie,Agender,09/02/1989
572,Rod Spurdle,Genderfluid,14/07/1988
573,Lorne Leathley,Agender,25/12/1995
574,Mohandas Hurles,Genderfluid,04/12/1985
575,Reiko Sweetman,Non-binary,13/02/1981
576,Rand Axelbey,Female,20/09/1985
577,Elston Smee,Genderfluid,23/10/1991
578,Avril Conman,Agender,04/11/1986
579,Milena Scarisbrick,Genderqueer,14/09/1996
580,Giff Barsam,Agender,20/02/1978
581,Hope Hannon,Genderfluid,06/02/1983
582,Des Tallman,Genderfluid,21/09/1993
583,Clevie Darwin,Polygender,04/06/1990
584,Kahlil Colhoun,Bigender,27/08/1985
585,Hy De Benedictis,Genderfluid,26/11/2000
586,Conny Barkas,Female,13/09/1981
587,Kristel Blyde,Female,10/05/1996
588,Tom Simonelli,Polygender,10/04/1992
589,Dewain Aggs,Genderqueer,02/12/1991
590,Andrei Harly,Agender,13/03/1994
591,Caspar Eastam,Agender,01/07/1977
592,Pren Lengthorn,Bigender,25/07/1990
593,Guillaume Snaith,Female,15/07/1979
594,Roxane Maasze,Non-binary,06/10/1986
595,Emmott Annwyl,Polygender,17/01/1997
596,Dianne Summerly,Bigender,31/08/1992
597,Grant Fairholm,Female,31/01/1989
598,Daniele Steptowe,Agender,24/07/1999
599,Dee dee Gleave,Agender,10/08/1980
600,Randie MacKereth,Polygender,19/06/1987
601,Zebulon Spreull,Female,29/11/1976
602,Kittie Lincke,Female,16/09/1983
603,Willy Lawey,Non-binary,11/04/1998
604,Florian Dael,Non-binary,15/10/1987
605,Lacie Jennaroy,Agender,22/12/1998
606,Kimberli Wolfinger,Bigender,09/08/1984
607,Yule Wrinch,Female,19/09/1991
608,Robinet Veschi,Female,16/03/1980
609,Bondy Kristoffersson,Non-binary,21/07/1995
610,Shaughn Thake,Genderfluid,11/02/1985
611,Marylou Petersen,Female,03/12/1989
612,Tremain Bartoszewski,Bigender,28/06/1998
613,Jasmina Solomon,Non-binary,20/07/1984
614,Rand Blackman,Bigender,12/07/1980
615,Cleo Bevis,Genderqueer,05/01/1987
616,Brandtr Hampstead,Male,16/12/1976
617,Ericha Ruger,Bigender,04/05/1984
618,Roscoe Lunge,Bigender,24/02/1992
619,Gusty Borg-Bartolo,Non-binary,10/12/1978
620,Mile Ruckman,Bigender,21/05/1976
621,Minna Yakovliv,Non-binary,22/11/1998
622,Jayme Salery,Agender,03/02/1991
623,Sax Merricks,Genderfluid,11/03/1992
624,Ode Heyfield,Non-binary,03/05/1992
625,Bobinette Clausius,Genderfluid,04/08/1982
626,Eudora Ciccarello,Agender,17/02/1987
627,Richart Rennison,Polygender,29/12/1991
628,Hamlen Japp,Polygender,21/11/1994
629,Ana Murphey,Genderqueer,16/10/1983
630,Arleen Klemensiewicz,Genderqueer,22/11/1979
631,Valdemar Greenmon,Polygender,10/03/1977
632,Tadeas Fumagallo,Genderqueer,12/09/1981
633,Hashim Cockerham,Female,31/10/1990
634,Waly Pole,Agender,21/08/1983
635,Farand Zamboniari,Genderfluid,29/09/1976
636,Petronille Baterip,Non-binary,26/11/1994
637,Rubin Noli,Female,02/01/1996
638,Tallia Varker,Non-binary,04/01/1990
639,Pancho Copello,Agender,05/03/1985
640,Irene Belli,Female,03/12/1981
641,Mariejeanne Eaglen,Non-binary,29/01/1980
642,Tasia Grabbam,Genderfluid,31/12/1987
643,Giff Smaridge,Agender,05/07/1998
644,Tomaso Jacobsson,Genderfluid,22/02/1993
645,Hobart Bullard,Agender,10/10/1995
646,Catherine Gave,Female,31/10/1979
647,Brittani Gladdor,Genderqueer,13/10/1992
648,Sherie Jesse,Male,28/09/1988
649,Alard O'Codihie,Bigender,21/04/1977
650,Bathsheba Cyseley,Genderqueer,11/09/1980
651,Caron Cettell,Male,16/04/1982
652,Malanie Aronstein,Polygender,29/03/1989
653,Tarah Moehler,Genderqueer,03/05/1979
654,Mack Kasman,Bigender,11/11/1987
655,Annadiana Penvarne,Non-binary,24/01/1983
656,Jessalyn Danovich,Genderfluid,15/05/1986
657,Jean Bartalin,Genderqueer,31/10/1991
658,Tess Tussaine,Female,05/03/1994
659,Amalle Dalby,Non-binary,23/09/1986
660,Gaultiero Loughney,Bigender,08/04/2000
661,Michael Pressman,Agender,20/02/1985
662,Daryle Bryan,Polygender,17/04/1994
663,Archibaldo Aphale,Genderqueer,10/05/1994
664,Christophorus Clilverd,Genderfluid,23/04/1976
665,Emiline Prestney,Male,21/01/1982
666,Haleigh Patnelli,Bigender,09/06/1982
667,Mildrid Strevens,Non-binary,02/07/1995
668,Sally Edmett,Agender,30/07/1989
669,Gizela Deinhardt,Polygender,12/01/1999
670,Julius Garken,Genderfluid,09/09/1998
671,Allene Faley,Agender,05/04/1994
672,Layney Bossel,Genderqueer,19/11/1984
673,Issy Winchurst,Female,03/07/2000
674,Stephan Sussex,Male,16/07/2000
675,Cindi Louiset,Male,04/09/1994
676,Cinda Cod,Male,20/09/1990
677,Kari Hearley,Non-binary,17/10/1983
678,Beryl Wearne,Bigender,23/01/2000
679,Ly Letterese,Bigender,13/03/1976
680,Luise Junifer,Genderqueer,02/11/1985
681,Alysa Khalid,Genderfluid,19/05/1982
682,Jaine Secret,Female,04/02/1982
683,Ermin Bonsale,Genderfluid,11/10/1987
684,Nealy Bryns,Agender,28/07/1998
685,Corette Bon,Genderfluid,28/10/2000
686,Hildegaard Drews,Male,22/06/2000
687,Lacie Dimeloe,Non-binary,11/12/1985
688,Keri Ivanishev,Polygender,16/05/1983
689,Josefina Kingzeth,Male,02/04/1978
690,Agnesse Tuer,Agender,09/03/1992
691,Kordula Tansill,Male,03/05/2000
692,Bennett Sketchley,Bigender,18/05/1981
693,Thorn Mandrake,Polygender,01/11/1987
694,Clareta Lottrington,Female,27/07/1981
695,Kiri Dwelley,Male,05/12/1989
696,Hanni Borham,Non-binary,17/11/1989
697,Garret Kellart,Non-binary,01/05/1979
698,Fiann Balogun,Bigender,03/08/1979
699,Terry Muat,Polygender,10/07/1983
700,Vinni Bass,Agender,24/05/1998
701,Baird Greenalf,Genderfluid,09/04/1985
702,Meier Browning,Female,24/05/1978
703,Minnaminnie Auchterlonie,Genderfluid,16/11/1988
704,Lil Sinney,Female,15/03/1988
705,Vassily Heys,Agender,28/06/1983
706,Judith Studd,Agender,20/11/1982
707,Rickey Greenier,Agender,04/11/1996
708,Marten Bartali,Genderfluid,02/08/1987
709,Dori Breazeall,Bigender,04/11/1976
710,Elnore Dodle,Non-binary,22/05/1976
711,Karyn Gerring,Genderfluid,11/06/1998
712,Lesly Bartod,Polygender,18/03/1983
713,Jade Saltern,Agender,23/01/1992
714,Maurine Mapson,Agender,17/12/1980
715,Cordelia Alesi,Agender,01/08/1994
716,Amble Wapplington,Genderqueer,17/08/1993
717,Elwin Martusov,Male,01/12/1984
718,Mikaela Showt,Non-binary,13/05/1988
719,Shalom McAllister,Genderqueer,10/07/1992
720,Kennedy Crane,Genderfluid,16/05/1994
721,Bianca McOwan,Male,07/09/1980
722,Pail Richardet,Genderqueer,29/10/1994
723,Farr Ayling,Bigender,13/09/1976
724,Darcie MacAindreis,Non-binary,12/03/1989
725,Wilfrid Fieldstone,Agender,24/12/1990
726,Wanids Letson,Polygender,26/04/1998
727,Marlee Lebell,Agender,22/01/1989
728,Calv Gettings,Agender,13/04/1987
729,Shara Jacke,Agender,22/07/1977
730,Fara Roke,Non-binary,05/03/1977
731,Cristionna MacCahey,Agender,30/10/1988
732,Tonya Caine,Female,05/10/1995
733,Frank Shilleto,Genderfluid,23/07/1998
734,Ky Harraway,Bigender,04/07/1979
735,Dominik Van Waadenburg,Non-binary,17/07/1979
736,Chevalier Jeppensen,Genderqueer,13/07/1982
737,Teddie Yetton,Male,05/07/1990
738,Leonore Chattoe,Agender,19/08/2000
739,Marin Grishunin,Female,06/07/1985
740,Karlie Harriot,Genderqueer,30/01/1986
741,Kasper Soame,Genderqueer,25/01/1987
742,Otes Mustarde,Bigender,26/12/1991
743,Etan Drews,Bigender,09/08/1989
744,Scotty Wallice,Genderfluid,30/11/1985
745,Debby O'Shavlan,Genderqueer,03/06/1980
746,Jessy Skirvane,Agender,18/05/1983
747,Clemmie Heeps,Agender,29/12/1981
748,Ekaterina Capnor,Male,23/07/1978
749,Joice Kilshaw,Female,27/09/1981
750,Isabelita Callaway,Bigender,12/09/2000
751,Trista Pond-Jones,Bigender,13/02/1987
752,Aguistin Lindl,Female,17/04/1997
753,Berna Done,Bigender,09/10/1987
754,Dore Olenikov,Female,06/02/1984
755,Ashil Glasebrook,Male,06/02/1999
756,Alaric Chisholm,Genderqueer,28/12/1992
757,Kalie Kelinge,Genderqueer,18/09/1980
758,Lowe Beddin,Polygender,22/06/1986
759,Artie Alderwick,Genderfluid,30/01/1995
760,Rani Aliman,Female,29/05/1983
761,Beckie Grinnov,Genderfluid,04/12/1990
762,Misty Grestye,Genderfluid,24/06/1980
763,Leonhard Brewers,Polygender,19/11/1994
764,Vivienne Treharne,Genderqueer,13/01/1981
765,Auria Portis,Polygender,16/11/1989
766,Courtney Quail,Polygender,26/01/1991
767,Oliviero McCague,Male,23/02/2000
768,Debbie Cristofor,Female,06/11/1977
769,Clark Mathevet,Genderfluid,27/08/1995
770,Jasun Pachmann,Male,08/10/1982
771,Fran Mosey,Bigender,21/02/1985
772,Kristen Terne,Genderfluid,22/02/1987
773,Hillary Tracey,Bigender,19/08/1996
774,Parker Maypowder,Genderfluid,17/10/1981
775,Lenette Dall,Agender,28/10/1986
776,Dotti Tillard,Non-binary,12/07/1984
777,Ulrich Nevitt,Genderqueer,23/08/1983
778,Carree Gettings,Agender,28/03/1994
779,Merry Laimable,Genderqueer,08/11/1988
780,Flint McAuley,Genderfluid,14/04/2000
781,Annmaria Oattes,Agender,22/04/1992
782,Roxie Ussher,Female,13/08/1978
783,Cathyleen McGlone,Non-binary,22/02/1989
784,Lainey MacKegg,Agender,27/06/1980
785,Aube Cutriss,Bigender,05/09/1986
786,Cornelle Dover,Genderfluid,23/02/1978
787,Sarette Tomblings,Female,11/12/1999
788,Crista Hempshall,Agender,27/12/1991
789,Park Anderer,Agender,09/02/1989
790,Jasun Bashford,Genderqueer,11/11/1993
791,Cristine Emblow,Bigender,10/11/1998
792,Monica Streather,Genderfluid,07/07/1979
793,Roddie Gerdts,Female,17/11/1994
794,Vilma Ambrosio,Non-binary,11/12/1996
795,Gunar Andrasch,Male,14/10/1982
796,Cthrine Davidek,Male,25/05/1987
797,Ilyssa Maisey,Female,10/09/1977
798,Aura Murdie,Female,29/05/1998
799,Justinian Studders,Non-binary,17/04/1976
800,Andreana Hirche,Genderqueer,19/08/1988
801,Kevin Heine,Male,01/08/1976
802,Rodolph Dammarell,Female,18/08/1980
803,Arlette MacKean,Genderqueer,25/01/1998
804,Abra Minget,Male,09/06/1998
805,Jinny Franceschi,Bigender,30/09/2000
806,Alisander Campione,Male,26/02/1984
807,Mathilda Swate,Female,09/03/1986
808,Twila Dust,Agender,01/05/1987
809,Andeee Clausson,Male,28/09/1979
810,Cecilla Karpf,Agender,17/01/1994
811,Winston Vassman,Genderfluid,24/02/1979
812,Ty Russi,Agender,25/11/1998
813,Correna Arpe,Genderfluid,09/12/1988
814,Bernadene Teanby,Female,05/04/1983
815,Mabelle Cicetti,Polygender,29/05/1994
816,Jed Orme,Female,31/03/1984
817,Merci Radbone,Polygender,16/02/1984
818,Cart Tombling,Genderqueer,14/08/1983
819,Allianora O'Shiels,Male,31/07/1997
820,Moore Blanchet,Female,31/01/1980
821,Tallia Coventry,Female,07/01/1988
822,Rahal Daintier,Bigender,28/09/1976
823,Cissiee MacTerrelly,Male,13/10/1991
824,Vance Waite,Agender,31/10/1997
825,Lynde Kinchin,Polygender,18/08/1988
826,Doy Nutkin,Male,08/11/1978
827,Lillis Georghiou,Agender,29/03/1994
828,Bartolemo Davydenko,Non-binary,22/04/1989
829,Vanya Corneljes,Genderqueer,13/02/1999
830,Nial Josum,Genderqueer,09/07/1995
831,Georgeanne Snell,Genderfluid,27/03/1988
832,Cesar Brant,Non-binary,17/11/1977
833,Julian Tilzey,Female,02/09/1976
834,Rosette Caton,Non-binary,04/05/1993
835,Adrea Blakes,Genderqueer,22/06/1982
836,Paulie Prestwich,Male,29/06/1986
837,Terrel Norrington,Agender,04/09/1999
838,Charmane Bettanay,Female,24/11/1991
839,Shari Hales,Agender,23/03/1980
840,Brana Spawton,Polygender,07/05/1987
841,Felike Whorlow,Male,02/03/1996
842,Rhody Couser,Agender,28/04/1977
843,Maxwell McGuinness,Non-binary,09/08/1999
844,Derry Di Napoli,Genderqueer,28/12/1998
845,Mikol Gissing,Male,11/07/1991
846,Merl MacAiline,Polygender,13/07/1996
847,Burke Pache,Genderfluid,09/01/1982
848,Cassaundra Healeas,Polygender,18/06/1977
849,Josee Aiskovitch,Genderqueer,27/09/1987
850,Artemis List,Genderqueer,14/04/1996
851,Angelina Castell,Non-binary,21/02/1999
852,Emmaline Coady,Non-binary,21/04/1984
853,Lucita Hinstock,Non-binary,03/02/1992
854,Berte Conelly,Male,31/12/1987
855,Luce Dmitr,Bigender,14/07/1992
856,Rod Letixier,Agender,15/10/1987
857,Clara Jerrams,Genderfluid,01/03/1996
858,Elijah Drinkhill,Male,10/07/2000
859,Maiga Platfoot,Genderfluid,06/08/1981
860,Kay Gotmann,Agender,07/08/1980
861,Dew Wiggett,Agender,10/06/1998
862,Marena Goodbanne,Male,05/09/1977
863,Brandais Shellum,Male,29/05/1987
864,Harmonie Dallinder,Genderfluid,07/08/1995
865,Hinze Ferrier,Male,04/04/2000
866,Ema Adrian,Agender,05/03/1995
867,Opaline Filpo,Female,14/07/1986
868,Nelly Farquharson,Male,19/09/1990
869,Douglass Pardie,Non-binary,25/06/1992
870,Vivian Mushart,Polygender,09/01/1990
871,Tam Lemerle,Male,04/09/1987
872,Ranee Stollery,Male,05/05/1991
873,Liz Leirmonth,Bigender,03/03/1982
874,Tamarra Gowlett,Male,02/11/1979
875,Berri Sharpin,Female,20/01/1991
876,Madeleine Pasquale,Agender,17/01/1983
877,Daron Grantham,Genderfluid,09/12/1984
878,Burk Le Claire,Bigender,07/09/1979
879,Shannan Balham,Male,02/01/1980
880,Felic Gowrie,Genderfluid,30/01/1991
881,Florri Bushrod,Female,26/07/1980
882,Hatty Louder,Male,15/09/1982
883,Lolita Sugden,Bigender,08/10/1996
884,Emilie Pither,Genderqueer,03/02/2000
885,Costanza Fenna,Male,11/02/1981
886,Claudian Runciman,Agender,02/02/1989
887,Jemima Aland,Bigender,19/03/1980
888,Giuditta Rubinshtein,Non-binary,25/01/1977
889,Way Fontanet,Male,07/10/1987
890,Gustave Sigert,Genderfluid,18/05/1994
891,Carmela Calbreath,Polygender,18/04/1993
892,Mellie Eates,Polygender,29/11/1996
893,Evangelin Eaton,Agender,22/08/1991
894,Meghan Bessant,Bigender,20/05/1982
895,Leila Littrick,Male,01/05/1998
896,Niccolo Girodin,Genderqueer,08/04/1997
897,Jamal Bartosiak,Polygender,23/01/1987
898,Vern MacKibbon,Female,09/12/1982
899,Kellia Christofle,Agender,21/06/1997
900,Lucian Bothbie,Non-binary,22/02/1995
901,Krysta Simkin,Agender,09/10/1980
902,Martynne Radclyffe,Non-binary,07/09/1999
903,Abby Chesterton,Genderfluid,19/10/1990
904,Giffie Bartlosz,Genderqueer,08/11/1987
905,Nicholas Trundle,Male,19/10/1985
906,Vaclav Dennes,Non-binary,28/06/1997
907,Star Best,Genderqueer,31/08/1980
908,Fania Hazlehurst,Female,28/05/1982
909,Tuckie Loffill,Polygender,27/10/1995
910,Wilton Witherop,Male,26/09/1984
911,Basilius Carpenter,Non-binary,09/05/1998
912,Karim Tidd,Bigender,24/06/1991
913,Christophorus Peasgood,Bigender,05/01/1999
914,Tamara Dufaur,Agender,05/03/1990
915,Catlee Yurasov,Bigender,21/10/1992
916,Erik Kinforth,Agender,18/02/1983
917,Malvina Poynor,Non-binary,03/10/1990
918,Olly Sprason,Genderfluid,15/09/1985
919,Jone Droghan,Non-binary,12/09/2000
920,Franni Scrimshire,Male,30/08/1996
921,Tess Hardaker,Agender,30/03/1983
922,Oren Asken,Genderfluid,03/01/1982
923,Marion Guinnane,Bigender,19/05/1985
924,Hernando Scole,Agender,24/01/1989
925,Gert Appleyard,Non-binary,29/11/1991
926,Dniren Raysdale,Agender,28/12/1998
927,Mayne Bontine,Polygender,21/06/1984
928,Marty Shermore,Agender,09/02/1976
929,Goldia Clemenza,Genderfluid,31/08/1976
930,Calla Loveman,Male,04/05/1976
931,Bentlee Wisedale,Genderfluid,26/02/1998
932,Ravid Yorston,Polygender,19/02/1986
933,Shayna Weins,Genderfluid,20/02/1982
934,Izabel Schrir,Female,09/05/1995
935,Gwendolin Finnemore,Agender,08/01/1997
936,Filberte Jendrys,Bigender,24/05/1987
937,Ganny Tasker,Non-binary,30/07/1990
938,Matthus Nicely,Non-binary,02/02/1997
939,Bent Beeching,Agender,21/04/1982
940,Hamlin Cuckson,Female,18/08/1991
941,Audre Van Oort,Genderfluid,04/12/1985
942,Osbourne Rawll,Male,10/02/1976
943,Rosene Kidson,Bigender,11/04/1991
944,Carce Semrad,Genderfluid,06/05/1994
945,Waylin McCaig,Female,30/04/1978
946,Alphonso Fance,Bigender,22/08/1980
947,Gina De Biasio,Bigender,09/10/1985
948,Petronella Iorio,Agender,20/12/1977
949,Rene Dann,Female,22/12/1986
950,Alano Godilington,Agender,27/05/1992
951,Eugenius Rizzardini,Genderqueer,02/03/1988
952,Atlanta Audry,Bigender,31/07/2000
953,Emlen Agent,Genderqueer,17/06/1983
954,Marjorie Couronne,Agender,13/02/2000
955,Sander Blacket,Female,05/08/1976
956,Randene Uc,Agender,20/12/1987
957,Wylma L'Hommeau,Genderqueer,06/08/1993
958,Etheline Tague,Bigender,21/01/1979
959,Vivien Natalie,Genderfluid,24/02/1995
960,Ailene Rathbourne,Male,27/07/1999
961,Harley Abby,Non-binary,13/12/1984
962,Tab Wyett,Agender,14/06/1998
963,Rubetta Scholler,Female,28/06/1977
964,Sander Linwood,Female,13/03/1982
965,Carolynn Meehan,Genderfluid,31/01/1987
966,Valery Grouse,Genderfluid,02/12/1976
967,Paula Gyngyll,Female,20/01/1983
968,Ingeborg Beininck,Bigender,13/06/1998
969,Verine Stroder,Bigender,10/07/1994
970,Edward Burbury,Non-binary,26/03/1991
971,Blanch Janacek,Female,15/10/1987
972,Elsey Offer,Genderfluid,29/07/1991
973,Binnie Demaine,Female,03/09/1992
974,Raimundo Stranahan,Female,27/01/1989
975,Brigida Colbertson,Non-binary,12/11/1984
976,Yale De Lascy,Genderqueer,26/11/1998
977,Isiahi Andress,Polygender,27/01/1996
978,Hercule Jaine,Polygender,18/07/1994
979,Patrizius Hubball,Agender,08/10/1989
980,Shea Coger,Polygender,21/10/1990
981,Winona Syrett,Male,24/11/1977
982,Brion Vanni,Genderqueer,28/04/1987
983,Jeanelle Oldmeadow,Non-binary,23/06/1994
984,Consuelo Levine,Polygender,28/09/1977
985,Maybelle Santoro,Agender,07/09/1983
986,Clevie Burwood,Female,05/02/1981
987,Anthony Valenta,Genderfluid,10/04/1993
988,Korey Frankcom,Non-binary,18/12/1997
989,Shelly Anthoney,Bigender,07/06/1976
990,Gill Brettel,Polygender,16/06/1989
991,Meghan Browett,Genderfluid,18/09/1993
992,Agnes Elvey,Male,18/11/1988
993,Lawry Imlin,Male,10/06/1991
994,Levi Sinnock,Male,15/03/1980
995,Abraham Powland,Non-binary,03/08/1996
996,Colan Exeter,Non-binary,31/01/1983
997,Edwin Fowden,Female,25/10/1986
998,Veronica Beszant,Non-binary,22/07/1994
999,Osborne Abys,Non-binary,23/09/1985
1000,Caldwell Hanretty,Genderqueer,19/08/1982
