1,Thornton Pill,16/05/1990
2,Erroll Doley,30/03/1988
3,Drusie Sacker,14/11/1975
4,Aldous Gildea,23/09/1983
5,Lyle Oaker,15/02/1982
6,Scarlett Jaycox,21/09/1970
7,Jeanine Storek,19/04/1974
8,Nettle Martellini,17/06/1982
9,Scarface Emslie,08/04/2000
10,Chadwick Avramovic,05/12/1984
11,Raffarty Grierson,28/03/1989
12,Benoite Donaldson,16/09/1985
13,Nicoline Giametti,06/06/1980
14,Maynord Elsmor,03/12/1975
15,Aron Hallet,07/06/1996
16,Cos Oleszczak,04/02/1974
17,Hedwig Leipold,15/08/1975
18,Karee Affron,23/02/1989
19,Phedra Linton,26/12/1967
20,Moise Roberto,30/11/1980
21,Dorolisa Parade,02/04/1978
22,Hannah Dahle,20/10/1986
23,Hetty Tavernor,27/03/1987
24,Graeme Robertshaw,18/10/1976
25,Ferdinande Kevane,03/04/1998
26,Andreas Treadgear,03/04/1995
27,Abby Mougel,26/04/1970
28,Nina O'Moylane,13/09/1970
29,Thekla Sansum,17/11/1971
30,Albertina Ponde,28/11/1979
31,Tully Agar,29/09/2000
32,Barron Ashling,24/09/1986
33,Franklyn Dever,23/01/1992
34,Tybie Iddy,17/06/1971
35,Celia Toop,26/01/1999
36,Brendon Feldharker,28/11/1986
37,Sal Clement,10/08/1990
38,Wain Yitshak,27/12/1989
39,Collin Carpenter,29/12/1998
40,Cassondra Sleford,02/03/2000
41,Jens Wickling,05/09/1968
42,Hildegaard Strathdee,17/08/1986
43,Gay Andryushin,16/10/1997
44,Dori Bendel,02/10/1984
45,Padraic Eivers,27/02/1980
46,Roby Jerschke,12/04/1983
47,Betteanne Allom,24/02/1989
48,Etienne Moggie,23/10/1969
49,Finley Devennie,27/03/1968
50,Barbara-anne Kingsnoad,07/07/1968
51,Blake Vitet,18/05/1993
52,Mar O'Beirne,28/10/1980
53,Mordy Gregore,01/04/1976
54,Gaile McLaine,05/08/1990
55,Caresa Giovannazzi,25/06/1979
56,Kirby Gianetti,19/04/1973
57,Bax Joblin,19/04/1996
58,Kristofer Mountney,15/02/1980
59,Haskel Stanluck,10/03/1984
60,Marlow Carley,27/06/1977
61,Stacy Heed,15/11/1997
62,Lynnette Greenless,16/07/1996
63,Katti Grandin,17/04/1974
64,Davidde Liffey,31/01/1971
65,Leanora Canet,10/02/1969
66,Rogerio Titman,26/02/1989
67,Lesli Sigward,10/08/1981
68,Antonia Edgcumbe,29/04/1996
69,Jayne MacGilfoyle,20/02/1980
70,Rosalind Hek,14/12/1970
71,Jenine Klampk,18/02/1999
72,Genia Hupe,03/10/1968
73,Chelsie Oxer,13/05/1995
74,Ninon Yate,21/07/1979
75,Angelique Carlesso,27/01/1992
76,Idalia Edmett,01/05/1968
77,Mariska Tunny,02/01/1983
78,Milena Tamburi,21/06/1982
79,Evered Gott,27/02/1970
80,Laure Segar,21/12/1999
81,Kaile Fletcher,11/09/1985
82,Koren Yashnov,15/09/1970
83,Gay Swinglehurst,06/05/1985
84,Alex Schinetti,04/01/1982
85,Glenna Byrd,24/05/1991
86,Naoma Brame,11/06/1979
87,Udale Hebburn,30/09/1980
88,Frannie Penwell,05/11/1972
89,Olenolin Somner,03/02/1983
90,Wendall Olkowicz,14/05/1999
91,Willi Cheetam,30/06/1970
92,Brigg Redrup,22/05/1998
93,Salli Dooher,21/06/1973
94,Evelina Bonham,11/02/1979
95,Filia Gehricke,05/10/1995
96,Desdemona Riddell,26/10/1974
97,Hale Haughin,22/04/1997
98,Candra Beeble,08/09/1996
99,Marven Lawn,05/08/1974
100,Gusella Linforth,06/11/1976
101,Gray Browett,29/05/2000
102,Aryn Treacher,28/03/1994
103,Kissiah Leeke,16/12/1969
104,Mart Fairleigh,24/06/1984
105,Saidee Hamor,03/12/1974
106,Allyn Salzberg,03/02/1997
107,Jaquelin Soan,14/10/1981
108,Kenny Coward,02/02/1994
109,Cal Abbys,31/08/1996
110,Elise Cherrington,30/11/1997
111,Briana Knocker,31/05/1982
112,Rachel Friberg,17/03/1995
113,Liz Vaughan-Hughes,10/07/1999
114,Thorvald Do Rosario,01/03/1980
115,Yelena Tommasetti,05/02/1977
116,Albrecht Bentham3,12/05/1997
117,Dorette Stutt,20/11/1989
118,Marianna Cleeve,07/11/1995
119,Johannah I'anson,09/01/1981
120,Tripp Flacknell,01/04/2000
121,Floria Audsley,06/08/1993
122,Pauline Miskimmon,18/09/1987
123,Charmion Stagge,21/12/1975
124,Barbabra Ingrem,09/10/1972
125,Diego Elldred,01/01/1980
126,Brooke Freshwater,11/05/1991
127,Ardra Easthope,14/09/1991
128,Ashlin Cobbled,03/07/1999
129,Ellswerth Tyrone,17/08/1992
130,Jewell Lamasna,19/09/1977
131,Minne Edgson,16/03/1987
132,Garland Siaspinski,09/02/1982
133,Davie Press,19/04/1973
134,Neda Fidoe,16/05/1995
135,Marthe Whybrow,09/01/1975
136,Conway Crosham,23/10/1980
137,Daphne Rodwell,18/04/1993
138,Emyle Musprat,14/05/1993
139,Gerald Bernollet,22/04/1982
140,Jacinta Rottenbury,26/09/1986
141,Jeniffer Garbott,10/11/1996
142,Kassie Beedell,05/07/1972
143,Clemmy Gartsyde,14/11/1977
144,Ware Devo,23/01/1980
145,Randy Pursglove,02/12/1996
146,Betta Bim,17/08/1978
147,Maximilian Gilfoyle,17/12/1971
148,Doyle Bourrel,20/04/1988
149,Percy Hinchshaw,19/08/1977
150,Marietta Chanter,05/11/1989
151,Deina Buscher,13/02/1970
152,Linoel Neylon,17/09/1975
153,Beverie Copnall,20/04/1997
154,Nanni Tempest,20/03/1969
155,Tallie Yuryichev,23/06/1992
156,Dermot Noades,07/08/1982
157,Alasdair Rigeby,12/09/1995
158,Anabella Franzetti,22/12/1974
159,Sarajane Meco,10/11/1973
160,Alanson Bratty,04/05/1973
161,Bibby Ruoff,16/02/1993
162,Malanie Sibthorpe,01/09/1983
163,Araldo O'Carroll,18/07/1998
164,Lorie Eastham,23/06/1997
165,Alaster Goulding,17/11/1986
166,Jermain Dunbabin,30/07/1984
167,Vachel MacQuaker,05/07/1976
168,Becca Inker,12/08/1991
169,Konrad Sawfoot,16/06/1986
170,Sinclare Southward,27/04/1976
171,Margaretta Verecker,10/03/1972
172,Ty Jerrold,29/10/2000
173,Dewain Burkitt,24/11/1985
174,Clari Warke,02/10/1977
175,Doreen Hubbucke,09/05/1971
176,Levin Sibille,27/08/1972
177,Giacopo Lomansey,02/06/1994
178,Weylin Paolacci,15/04/1989
179,Walt Duffit,12/11/1967
180,Adrian Scarse,25/01/1976
181,Rania D'Onisi,16/12/1969
182,Eliza Poacher,31/03/1995
183,Isabel Lunam,11/01/1989
184,Gwen Ivanchikov,07/05/1968
185,Gert Habbin,17/07/1971
186,Fransisco Atger,26/05/1977
187,Mikol Szimon,16/03/1999
188,Fletch Cast,18/02/1990
189,Barbabra Woolway,28/12/1997
190,Anthiathia Steers,25/07/1971
191,Adoree Bellord,30/12/1973
192,Liana Pantecost,30/05/1997
193,Son Gateshill,12/02/1998
194,Dion Skoggins,31/03/1971
195,Johnny Rowly,04/10/1993
196,Creighton Byram,04/02/1969
197,Lindsy McCorkell,23/06/1979
198,Ethelin McMenamy,25/08/1972
199,Siegfried Stedman,07/04/1976
200,Onfre Leal,16/06/1975
201,Pooh Lancastle,07/03/1994
202,Cullie Hrishchenko,11/02/1979
203,Any Degli Abbati,24/02/1985
204,Godfrey Gillanders,24/01/1987
205,Heidie Elcoat,25/12/1998
206,Merilee Wogden,11/11/1994
207,Gilles Kiley,01/02/1994
208,Gualterio Ruddlesden,08/01/1980
209,Hailee Ringe,16/12/1990
210,Jarvis Lumsdon,16/02/1991
211,Guendolen Waszczykowski,02/08/1990
212,Zebedee Rosetti,09/06/1998
213,Dael Goulston,13/03/1978
214,Stanislaus Brahms,25/05/1989
215,Sherry Northing,22/11/1983
216,Carlynne Fairbrother,03/06/1995
217,Blake MacCaughan,31/10/1989
218,Hieronymus Juara,03/11/1998
219,Frederik Cowlin,29/09/1981
220,Mitzi Twohig,05/04/1992
221,Boycie Grenville,14/12/1967
222,Ron Chiplin,27/01/1979
223,Phillida Rois,05/12/1994
224,Patti Cacacie,24/08/1984
225,Stanly Giovannilli,14/01/1979
226,Joaquin Upstone,26/02/1982
227,Amandi Fedynski,03/08/1998
228,Andy Baton,23/12/1980
229,Johannah Simakov,13/08/2000
230,Fawnia Jeannenet,14/03/2000
231,Lonee Buckney,06/09/1993
232,Tanner Vakhonin,09/10/1978
233,Ginger Meiklam,19/10/2000
234,Lilias Allardyce,26/12/1972
235,Isador Perfitt,22/03/1972
236,Goldia Peterffy,03/04/1971
237,Ches Firebrace,13/03/1981
238,Astrix Roadnight,30/08/1994
239,Benoit Moyle,05/10/1974
240,Silvie Balke,26/04/1979
241,Glynda Comber,02/07/1982
242,Igor Yarranton,08/06/1982
243,Nanci Gawkes,23/08/1983
244,Bryn Melia,14/12/1976
245,Chris Buse,26/05/1998
246,Stanfield Lansbury,30/06/1992
247,Stan Belford,17/05/1984
248,Rosalinde Farens,17/10/1988
249,Valentine Marlon,07/09/1974
250,Enrichetta Backler,30/11/1984
251,Gardiner Mueller,28/01/1989
252,Pavlov Shrieve,21/02/1968
253,Eb Huxter,08/07/1990
254,Hatti Gillicuddy,06/09/1996
255,Lyndsay Ewart,08/03/1981
256,Angie Dancey,04/08/1983
257,Karisa Atyeo,06/12/1990
258,Nappie Baynton,15/08/1988
259,Bond Laskey,22/04/1991
260,Gael Shave,15/03/1970
261,Andriana Balshen,13/08/1977
262,Reidar Ellice,20/03/1989
263,Leyla Sego,29/06/1978
264,Petr Cavie,03/07/1999
265,Walton Landes,21/11/1995
266,Michele Bellefant,01/07/1974
267,Oran Hache,13/05/1989
268,Jeno Clynmans,06/01/1982
269,Ferne Feeley,24/07/1969
270,Guilbert Ruske,20/11/1995
271,Dewey Brugemann,23/06/1976
272,Jerome Vardie,29/08/1990
273,Fanya Hamlen,29/04/1998
274,Paulo Paver,22/02/1982
275,Weidar Evenden,02/06/1996
276,Scotty Gammill,31/03/1988
277,Kinsley Rosenstein,27/06/1983
278,Jeffie Blodgetts,20/07/1980
279,Emmaline Yter,04/09/1971
280,Allys Becks,21/12/1999
281,Cleavland Simeoni,06/01/1992
282,Hiram Cottle,01/07/1971
283,Ellie Matevushev,21/09/1989
284,Stanwood Miebes,20/06/2000
285,Milli Fulbrook,29/09/1974
286,Talbert Jasper,22/07/1981
287,Myer Swanger,02/08/1987
288,Devlin Machon,05/08/1983
289,Gale MacInerney,01/01/1971
290,Ernie Digance,10/07/1982
291,Frankie Toderi,16/04/2000
292,Ric Haukey,20/01/1991
293,Ibby Lochet,06/09/1997
294,Valentine Kubat,28/05/1977
295,Gordan McGeffen,06/08/1978
296,Arlan Carnegy,27/07/1971
297,Addi Hoggan,14/05/1982
298,Timmi Pettengell,14/11/1987
299,Harris Haulkham,19/11/1995
300,Baron Bocken,20/07/1972
301,Reginald Inchan,19/01/1982
302,Nelly Madine,06/09/1997
303,Olvan Hardbattle,24/07/1996
304,Shaina Cordeux,23/11/1975
305,Rosemarie Krugmann,23/09/1995
306,Shae Winpenny,09/02/1971
307,Kelly Force,12/12/1968
308,Harriott Tendahl,17/06/1978
309,Sharia Pyson,27/08/1997
310,Josepha Abbe,28/01/2000
311,Nikolaos Dudeney,15/12/1993
312,Laure Brekonridge,25/05/1972
313,Flossie Slarke,17/04/1992
314,Tris Raffan,12/08/1989
315,Westley Jirsa,29/05/1991
316,Murry Plewman,05/01/1977
317,Bernadette Cowell,17/12/1973
318,Carmelina Beach,07/02/1983
319,Ellie de Nore,18/12/1995
320,Zelig Bernardi,11/12/1987
321,Jenelle Eydel,03/11/1986
322,Ryann Weaben,05/03/1993
323,Hertha Kensitt,22/08/1990
324,Goran Farrin,21/03/1968
325,Zolly Dyers,24/10/1977
326,Wendeline Ing,08/10/2000
327,Marin Janoschek,14/01/1987
328,Skyler Athow,22/11/1984
329,Robbi Dobbie,15/11/1984
330,Kissee Grafhom,14/11/1969
331,Inglebert Fullard,06/10/1973
332,Don Rex,11/01/1978
333,Velma O' Hern,19/03/1979
334,Rollie Codling,14/12/1999
335,Andonis L' Estrange,13/11/1997
336,Elicia Thurstance,30/07/1976
337,Loralee Bogeys,03/12/1969
338,Dynah Spaduzza,02/12/1986
339,Herman Lefwich,20/06/1996
340,Arthur Pamphilon,21/02/1989
341,Barnabas Andrieux,20/05/1990
342,Darbie Brattan,12/05/1969
343,Bell Faherty,14/10/1985
344,Peter Earle,14/08/1972
345,Tatiania Aberhart,10/08/1975
346,Fiann Cowcha,20/06/1995
347,Jobi Vasey,15/02/1982
348,Prudence Mitchinson,04/08/1998
349,Lockwood Fowgies,10/06/1969
350,Odey Prudham,07/12/1973
351,Peirce Sykes,12/03/2000
352,Danya Lumb,10/04/1978
353,Johnath Khomin,01/11/1978
354,Myles O'Corr,08/10/1979
355,Steffen Fowls,27/05/1985
356,Shantee Lafferty,19/05/1971
357,Leland Forst,22/09/1995
358,Jacqueline Bedenham,31/01/1988
359,Alvinia Syrett,02/07/1984
360,Valli Humpatch,13/12/1982
361,Ruttger Edington,18/12/1990
362,Reeta Haker,22/10/1972
363,Shirline O'Shevlan,20/12/1992
364,Berty Alecock,09/02/1978
365,Darb Peinke,02/09/1991
366,Nicolle Sly,16/09/1969
367,Danny Longland,26/01/1970
368,Felicia Muselli,20/08/1993
369,Ulric Diggle,14/08/1973
370,Benedikt Clutton,14/02/1971
371,Lena Latchmore,22/10/1999
372,Jesse Ibel,21/11/1979
373,Renelle McWhan,25/06/1978
374,Gisela Vakhlov,15/12/1988
375,Elayne Lindholm,15/06/1971
376,Dianne Guage,18/04/1971
377,Liv Corbitt,20/12/1998
378,Brandyn Blessed,29/01/1996
379,Iolanthe Narramor,29/03/1977
380,Joice Westmorland,29/12/1979
381,Camila Stebbings,29/03/1971
382,Wildon Pinxton,24/12/1983
383,Stace Freschi,20/09/1990
384,Patsy MacQuist,23/11/1986
385,Hetty Cutress,23/11/1970
386,Rene Curror,05/06/1997
387,Daveen McKag,27/01/1992
388,Early Swine,18/10/1981
389,Dannie Di Biaggi,18/08/1988
390,Humfrid Calvert,01/11/1970
391,Marcela Rymill,12/11/1981
392,Thomasa MacGregor,07/10/1997
393,Alfy Mitchinson,17/08/1986
394,Elmer McAster,06/08/1995
395,Jillane Hodjetts,08/06/1985
396,Lin Lawly,12/12/1997
397,Floris Mates,11/12/1991
398,Ozzy Bertrand,20/09/1984
399,Kristal Cordero,25/06/1968
400,Donnie Wiskar,13/02/1981
401,Rhoda Clemow,01/04/1998
402,Aube Torrecilla,25/07/1972
403,Enrika Ritchings,11/03/1980
404,Julius Estevez,31/03/1991
405,Lucretia Caudell,07/12/1969
406,Tuckie Dmiterko,07/10/1987
407,Kaine Dorre,15/09/1999
408,Conroy Romand,04/01/1997
409,Jeanne Newport,15/12/1999
410,Kristine Botham,19/06/2000
411,Bax Gosby,10/10/1969
412,Freida Gronaver,27/08/1968
413,Carissa Lockhurst,03/06/1968
414,Gilly Cuthbertson,25/09/1982
415,Averill Kirsche,16/06/1986
416,Avrom Norfolk,13/03/1968
417,Kimberly Lebourn,18/08/1983
418,Sherill Bortol,10/01/1985
419,Giacomo Kob,08/04/1979
420,Rosemaria Demageard,17/01/1981
421,Jeanette Grene,24/09/1979
422,Candice Sicily,19/06/1992
423,Nady Fallon,20/04/1990
424,Weylin Pudney,01/12/1980
425,Salmon Lundbeck,17/08/1971
426,Thalia Portriss,05/04/1968
427,Simeon Sondon,20/10/1992
428,Annetta Kleisel,17/07/1987
429,Alvis Halladay,10/02/1993
430,Sansone Garfoot,16/02/1988
431,Antonietta Whittle,20/07/1970
432,Henrietta Fielder,20/08/1976
433,Zara Webland,11/12/1983
434,Raimund Flement,02/08/1993
435,Lonnie Brenneke,05/04/1973
436,Bram Henaughan,10/03/1971
437,Ellie Eldredge,16/07/1998
438,Bobinette Gownge,25/04/1978
439,Eduardo Sydall,09/10/1982
440,Arney Ferreira,02/11/1991
441,Deb Andryushchenko,07/06/1981
442,Domingo Queree,26/04/1970
443,Calvin Jewsbury,21/04/1971
444,Frasier Maccree,27/07/1979
445,Elspeth Skae,29/11/1996
446,Noellyn Newart,20/11/1989
447,Delphinia Grassin,04/02/1999
448,Corrine Collman,19/10/1999
449,Lucias Kernock,24/09/1991
450,Annabella Renols,01/09/1996
451,Gladi Hubbucks,18/04/1986
452,Ceciley Maydway,01/03/1993
453,Pollyanna Milroy,21/11/1975
454,Erny Mollatt,15/03/1979
455,Suzann Seton,06/09/1986
456,Padraig Kiefer,24/03/1985
457,Perrine Anear,28/10/1981
458,Gian Dwerryhouse,26/09/1984
459,Susannah Toulch,25/11/1994
460,Abigael Bleackly,08/03/1991
461,Had Antunes,04/12/1988
462,Alfreda Crofts,27/10/1988
463,Kev Winsom,03/11/1987
464,Iseabal Turney,18/04/1995
465,Kerry Jedrzejkiewicz,27/07/1974
466,Gill Worsnop,02/08/1975
467,Jorgan Cowmeadow,08/07/1982
468,Erroll Shurville,10/09/1991
469,Reinold Schankel,14/01/1988
470,Adey Itzhaki,15/12/1998
471,Maxy Kernell,11/11/1998
472,Janeva Largent,04/12/1997
473,Natty Louder,15/04/1981
474,Nora Domino,19/03/1977
475,Belita Mitkov,27/09/1994
476,Abbie Cowling,05/09/1987
477,Megan Vuitton,18/09/1986
478,Tawsha Bayldon,09/03/1990
479,Robby Galego,14/08/1980
480,Evangelina Canto,19/08/1978
481,Carolin Aubrun,15/04/1970
482,Gabbie Scogings,09/10/1989
483,Tonie Bullimore,17/09/1998
484,Joe Pargiter,30/06/1995
485,Abdul Erricker,07/11/1968
486,Marjorie Woolliams,23/11/1981
487,Imogen enzley,03/05/1986
488,Kris Drews,20/04/1991
489,Augustina Murfill,03/05/1985
490,Fiorenze Foster-Smith,24/06/1996
491,Erv Ceaser,06/01/1980
492,Garrik Hacard,16/01/1974
493,Farlay Flear,28/12/1979
494,Lindon Perren,28/01/1972
495,Niccolo Sooley,22/05/1996
496,Modestia Dumphreys,22/03/2000
497,Lillis Syseland,18/02/2000
498,Dory Coogan,11/01/1973
499,Wilton Cotelard,01/09/1974
500,Rainer Januszewicz,02/06/1999
501,Kizzee Gurney,11/06/1985
502,Celka Thurman,03/11/1985
503,Lisetta Danilowicz,30/07/1974
504,Cal Reyne,15/08/1968
505,Sela Narey,11/04/1996
506,Sean Hardesty,28/10/1981
507,Annabela Hatwells,09/06/1982
508,Zondra Fowden,10/12/1969
509,Jacinta Albertson,01/04/1992
510,Trever Tribe,02/03/1977
511,Katrinka Sphinxe,08/01/1975
512,Yevette Dollard,12/02/1974
513,Ofella Epinoy,16/10/1982
514,Cindee Ganders,02/04/1977
515,Dotti McKain,09/02/1994
516,Walsh Diddams,20/08/1999
517,Bria Tydd,28/11/1978
518,Matilda Corsham,26/01/1975
519,Frasquito Muzzillo,28/07/1986
520,Mateo Mulholland,24/07/1997
521,Fern McOwan,12/07/1981
522,Mora Glamart,23/02/1994
523,Averill Robelow,19/07/1974
524,Mamie McDougal,21/01/1987
525,Ronald Serrier,10/07/1980
526,Quintus Foran,07/07/1979
527,Colas Zeale,29/05/1999
528,Lindsy Gonnet,07/11/1990
529,Emmy Leroux,10/07/1991
530,Kiel Romanini,20/11/1977
531,Tessa Dinneen,07/07/1973
532,Adina Cuolahan,18/03/1971
533,Chery Moyne,21/12/1973
534,Isadora McKew,10/10/1996
535,Essy Murkin,02/06/2000
536,Efrem Golds,06/11/1973
537,George Brisco,02/01/1997
538,Elisa Oiller,09/01/1980
539,Kelsi Windress,03/03/1996
540,Nada McGuckin,05/04/1980
541,Sib Marchelli,11/03/1998
542,Javier Dagger,08/05/1980
543,Elfrida Poletto,24/10/1988
544,Blondie Vynarde,22/02/1973
545,Sanson Hedditch,03/08/1971
546,Lanni Greetland,05/12/1994
547,Halli Ferraretto,20/05/1979
548,Olympe Huertas,27/01/1987
549,Katusha Delgadillo,18/04/1971
550,Annelise Djekovic,04/05/2000
551,Maryann Parrot,21/10/1987
552,Parsifal Armfield,21/11/1998
553,Cello Hinchon,13/11/1981
554,Lannie Yurasov,15/08/1976
555,Inger Tumilson,08/05/1977
556,Ellen Pendrid,21/02/1979
557,Vincents Winley,10/02/1973
558,Sammie Klimontovich,10/09/1992
559,Abdel Schurcke,08/03/1982
560,Wade Sorensen,30/10/1983
561,Felice Haack,28/04/1995
562,Darelle Iffe,28/02/2000
563,Robbie Rossander,20/05/1992
564,Faith Thurske,22/02/1979
565,Rinaldo Dandie,22/04/1974
566,Janith Beaman,02/08/1973
567,Kizzee Martugin,11/06/1977
568,Cole Chasles,16/12/1984
569,Traver Elphey,08/12/1994
570,Hanni Tym,16/01/2000
571,Jamima Plott,19/07/1987
572,Frazer Antognazzi,26/08/1990
573,Ainslee Ianni,28/02/1992
574,Gisela Tatford,08/04/1976
575,Dorey Syson,21/06/1981
576,Kassie Greenlies,02/07/1972
577,Maryjane Sings,06/06/1972
578,Kingsly Haseley,25/06/1985
579,Shelby Swatheridge,18/01/1975
580,Morry Wiskar,19/05/1983
581,Tomasina Moston,05/12/1994
582,Sile Pleasaunce,13/06/1979
583,Charmane Newland,02/02/1991
584,Cherice Hartas,31/07/1985
585,Dominga Kilfedder,29/08/1974
586,Mike Daltry,28/02/1968
587,Hale Pallent,14/07/1973
588,Stephie Fontelles,26/01/1983
589,Rodolph Staton,14/05/1976
590,Fletcher Ropking,24/10/1990
591,Florella Wadesworth,03/12/1976
592,El Harkins,09/04/1986
593,Anatollo Crichten,06/03/1975
594,Sunny Mullinger,17/02/1996
595,Hallie Wilding,29/01/1986
596,Shirlene Kornalik,07/08/1977
597,Kristoforo Coupman,05/03/1979
598,Cassandra Cote,05/05/1983
599,Nolie Colquete,24/02/1971
600,Julienne Giovanni,23/07/1968
601,Honey Manders,11/12/1989
602,Rosco Scawn,25/05/1971
603,Ellen Godain,17/02/1969
604,Tim Yearns,18/06/1972
605,Ailina Ramsey,16/09/1990
606,Tony Wettern,21/11/1987
607,Maury Pellissier,29/04/1986
608,Maybelle Buttrey,20/01/1992
609,Sharlene Dumphy,11/03/1968
610,Gwenora Shury,12/03/1973
611,Giordano Biggs,29/09/1978
612,Hillary Zoppie,30/04/1983
613,Ilyse Fantin,10/06/1984
614,Luciano Bettleson,03/08/1990
615,Sabine Innman,26/10/1998
616,Christiana Paula,19/03/1970
617,Miltie Dandison,05/06/1968
618,Beatrisa Agius,27/09/1984
619,Emmit Hulland,21/04/1974
620,Luella Matejka,05/11/1990
621,Kelcy Howselee,26/05/1985
622,Carmencita Morcombe,11/03/1980
623,Conni Grabham,05/10/1986
624,Kenn Camidge,16/11/1982
625,Agneta Vowdon,17/08/1994
626,Charisse Comford,27/10/1974
627,Lionello Scinelli,20/11/1978
628,Marquita Gaskoin,24/03/1970
629,Price Flockhart,05/08/1969
630,Maisey Hospital,03/04/1969
631,Doro Maultby,19/04/1987
632,Lilian Moatt,04/12/1971
633,Celestyn McElroy,09/09/1999
634,Staffard Teanby,28/05/1970
635,Ki Andriuzzi,30/01/1973
636,Lynett Ashall,10/12/1969
637,Justina O'Finan,19/01/1995
638,Lukas Schimaschke,28/08/2000
639,Dallis Birtwhistle,22/10/1971
640,Reba Giotto,31/07/1971
641,Karlens Aldrin,05/02/2000
642,Gracie Dayne,15/06/1978
643,Zacharie Gabriel,25/10/1986
644,Barnard Chalice,09/12/1968
645,Blaine Dible,28/07/1970
646,Redford Ginglell,01/04/1993
647,Colin Schankel,27/09/1979
648,Peyter Ballchin,30/04/1986
649,Donnell Hanmer,09/09/1987
650,Alick Mennithorp,10/10/1971
651,Allyson Antoniutti,30/11/1999
652,Aimee Elphick,12/11/1974
653,Duncan Birmingham,01/03/1984
654,Florri Savery,01/10/1993
655,Emelyne McBrier,16/02/1973
656,Letti Phittiplace,02/08/1988
657,Joseph Symons,01/08/1999
658,Carny Minto,19/09/1985
659,Rance Brock,25/08/1983
660,Tabor Lyon,31/01/1983
661,Bealle Esler,03/04/1969
662,Shirlene Luty,27/05/1987
663,Hilary Simonot,06/06/1979
664,Indira Hutcheson,22/02/1986
665,Rozamond Dumphry,10/12/1998
666,Frederich Seely,21/08/1995
667,Logan Cassels,04/08/1998
668,Catharina Scapens,19/07/1990
669,Melantha Ioannidis,04/01/1992
670,Dallas Kaplan,17/09/2000
671,Merilee Pietzker,07/01/1991
672,Hilliary Shitliffe,16/05/1969
673,Babb Lammerding,05/04/1975
674,Brandais Ritson,26/04/1987
675,Fidel Cymper,23/04/1973
676,Elwyn Halbeard,04/09/1970
677,Rhea Tabbernor,05/11/1981
678,Howie Haryngton,16/10/1970
679,Joscelin Sneddon,28/07/1982
680,Dominga Boast,12/08/1986
681,Major Gwillym,12/10/1970
682,John Yatman,08/06/1993
683,Pat Harrowsmith,01/04/1984
684,Morly Abthorpe,22/11/1997
685,Pamella Menloe,01/10/1986
686,Renae Zimmermanns,12/07/1982
687,Livvie Shoulders,26/06/1982
688,Milena Kiloh,17/01/1978
689,Temple Presman,21/01/1993
690,Reggie Pidgeon,02/01/1994
691,Alta Gooms,27/05/1968
692,Babara McFayden,08/04/1998
693,Giraldo Robuchon,05/05/1976
694,Diarmid Weepers,28/07/1991
695,Jodie Prier,16/10/1997
696,Hedda Freeberne,29/05/1991
697,Carlos Durman,12/08/2000
698,Marchall Huyton,30/05/1978
699,Sibley Pottberry,03/03/1980
700,Hercule Tocher,20/07/1984
701,Renault Lacelett,08/09/1989
702,Averyl McCrackem,06/02/1983
703,Kimble Peplay,19/01/1979
704,Consuelo Welford,02/10/1981
705,Nisse Willbourne,02/09/1998
706,Dani Berens,18/06/1983
707,Alasdair Leisk,14/06/1979
708,Ginnie Ingrey,12/05/1996
709,Cecelia Davey,28/06/1969
710,Carolin Garnsey,14/09/1978
711,Yalonda Poate,21/11/1978
712,Annalee Stormouth,28/05/1984
713,Darnall Maxwale,27/08/1972
714,Edith Heinig,17/10/1989
715,Samaria Curthoys,20/06/1988
716,Basilius Daile,21/02/1994
717,Moshe Lammerich,07/02/1983
718,Miof mela BURWIN,20/01/1994
719,Jory Ivens,25/03/1974
720,Elvira Fothergill,24/04/1982
721,Cal Sterzaker,31/05/1990
722,Bald Birt,04/10/1969
723,Adelheid Byford,19/11/1976
724,Fancie Wignall,11/06/1989
725,Kelci Rodenhurst,15/07/2000
726,Adriana Cuardall,21/12/1984
727,Claiborn Furber,12/12/1982
728,Sharon Tanser,06/01/1987
729,Margie Larvin,08/03/1990
730,Rois Hallgate,30/07/1978
731,Sanford Acedo,14/08/1974
732,Carny Janko,12/09/1978
733,Raina Andrivel,03/07/1996
734,Emalee Challis,12/07/1982
735,Charlie Atwill,26/12/1999
736,Lily Palffrey,23/04/1974
737,Anjela Standen,27/02/1983
738,Kirbee Cammiemile,21/10/2000
739,Iver Billyard,16/08/1992
740,Ruddy O'Halleghane,16/10/1991
741,Oralee Kleynermans,09/04/1999
742,Maia Cotgrave,28/06/1979
743,Carolan Lydon,05/12/1991
744,Francesco Clappson,25/05/1992
745,Jaquelyn Sexton,04/01/1991
746,Vincenz Herculson,14/04/1999
747,Grannie Elecum,31/01/1971
748,Worden Ricks,26/04/1970
749,Laughton Brendeke,08/11/1987
750,Julian McClelland,23/06/1996
751,Egon MacColl,15/07/1968
752,Hewe Rohlfs,14/08/1998
753,Craggie Briffett,28/05/1999
754,Marchelle Lifton,25/12/1996
755,Donny Baldacco,18/03/1993
756,Even Bourgeois,18/10/1981
757,Arri Mewton,08/12/1968
758,Micheil Maidlow,29/12/1982
759,Aeriell Chessman,30/01/1996
760,Antonina Wiggington,30/09/1996
761,Gianni Cadle,10/08/1983
762,Quintilla Kesteven,13/05/1986
763,Trent Glaze,24/02/1998
764,Maggy Hortop,10/11/1991
765,Inigo Minthorpe,03/06/1994
766,Nita Condie,27/01/1992
767,Rasla Rabbitts,28/02/2000
768,Eda Grocock,29/01/1998
769,Lock Melly,17/10/2000
770,Tobias Beccera,04/10/1981
771,Jody Takkos,02/09/1968
772,Miran Somerset,14/01/1968
773,Austin Coulthurst,14/04/1982
774,Harrison Calderon,12/06/1989
775,Sheffie Brameld,21/03/1979
776,Noellyn Splevins,03/06/1981
777,Husain Pittman,12/03/1984
778,Joella Rubin,03/02/1970
779,Hansiain Heningam,18/04/1969
780,Devonna Locke,20/04/1975
781,Whit Farnhill,05/06/1983
782,Baron Meeking,14/11/1984
783,Elka Abade,23/08/1974
784,Dagny Bradford,26/11/1968
785,Piotr Bahia,01/08/1993
786,Jenine Sabattier,22/03/1980
787,Karon Applewhaite,28/09/1981
788,Darryl Rowlings,19/09/1979
789,Floria Hadland,23/02/1999
790,Lambert MacDwyer,23/12/1973
791,Roi Leinweber,14/08/1992
792,Trace Stiegar,04/04/1981
793,Bruce Sandilands,21/05/1993
794,Mollee Moulton,30/09/1983
795,Sianna Saberton,05/07/1989
796,Cathe Cowdery,11/03/1991
797,Tony Kubiczek,13/04/1982
798,Arlyn Stickland,13/03/1969
799,Dewey O'Lynn,07/06/1994
800,Lia O'Rourke,13/04/1976
801,Harald Seccombe,24/10/1971
802,Uri Laverty,30/07/1997
803,Katrinka Moylan,01/10/1992
804,Nils Bordessa,29/08/1971
805,Arabella Nevitt,23/06/1988
806,Stanton Maris,09/01/1992
807,Biddie Grix,17/02/1979
808,Hewitt Berthomieu,20/08/1997
809,Merle Boxall,14/07/1996
810,Holmes Twiname,23/09/1998
811,Lon Grishukov,04/11/1980
812,Brinna Andrichuk,26/02/1989
813,Diane Rowat,21/12/1997
814,Drucy Althorp,10/12/1998
815,Marylou Philo,03/03/1971
816,Marty Kristof,07/06/1974
817,Ax Perkin,28/04/1985
818,Stillman Mac,06/06/1968
819,Floris Reymers,21/08/1980
820,Leela Antoniazzi,23/01/1986
821,Mattias Comello,25/01/1969
822,Conan Korf,09/07/1992
823,Blinni Bonny,13/02/1999
824,Jimmie Copcote,29/02/1980
825,Georgena Vasyukhin,09/01/1999
826,Wallache Ells,14/02/1984
827,Xavier Fearick,06/06/1985
828,Brittany Govier,21/02/1985
829,Zitella Sleith,27/02/1985
830,Marcy Christophle,29/04/1995
831,Gabriella Oxherd,10/09/1990
832,Shem Sperry,07/05/2000
833,Phelia Rowcliffe,24/10/1978
834,Averell Kliement,03/04/1987
835,Jefferson Sauter,30/03/2000
836,Kimmie Crecy,12/06/1974
837,Skippy Duinkerk,18/01/1999
838,Lynnelle Colten,30/08/1985
839,Debi Prantoni,23/09/1968
840,Lolita Lawland,24/03/1985
841,Travus Urpeth,12/09/1968
842,Ninnette Skittrall,28/12/1976
843,Hamid Gajewski,03/03/1987
844,Wallis Jestico,21/02/1971
845,Lincoln Luty,06/02/1986
846,Lynnell Hartrick,24/03/1980
847,Halsey Gobbett,18/04/1970
848,Tania Cowup,22/09/1994
849,Casey Yakovitch,31/01/1994
850,Kimmi Ewens,19/03/1992
851,Rafe Hacksby,08/12/1976
852,Holly-anne Gierck,01/10/1987
853,Venus Beedie,27/04/1999
854,Eveline Greswell,13/08/1987
855,Constantia Ector,16/07/1998
856,Archy Logsdale,31/12/1978
857,Devy Beauchop,12/04/1993
858,Dacie Bryden,11/07/1998
859,Brantley Lunney,18/10/1987
860,Miguel Kohen,23/01/1990
861,Adriaens Leynagh,10/01/1991
862,Noni Aylott,24/10/1982
863,Velvet Binden,19/02/1984
864,Laryssa Braxton,26/12/1977
865,Sinclair Swainston,11/05/1989
866,Benita Goldingay,06/03/1977
867,Kip Akrigg,01/04/1999
868,Garrick Moakes,16/10/1969
869,Burgess Horning,09/07/1977
870,Cassaundra Henryson,10/06/1968
871,Alfred Doulden,22/10/1998
872,Alis Fairall,03/06/1989
873,Cate Caughan,17/04/1978
874,Rubie Glavin,07/12/1990
875,Libby Westphalen,14/06/1985
876,Kristofor Cianelli,27/11/1998
877,Otis Konzel,24/02/1982
878,Yuma Nuemann,17/11/1977
879,Jane Garrick,18/04/1979
880,Sadye Dawley,07/04/1997
881,Nissy Worham,01/06/1972
882,Xenia Acheson,19/01/1975
883,Lynnet Chetham,24/07/1982
884,Karel Goodman,10/08/1998
885,Ashley Jorczyk,27/07/1978
886,Elora Titcombe,17/11/1993
887,Caterina Lyburn,30/03/1983
888,Daloris Guerra,16/01/1981
889,Leodora Burgane,22/06/1983
890,Shela Matthews,26/01/1989
891,Haskell Colleford,27/05/1984
892,Bil Depka,30/01/1982
893,Gwenore Caudle,25/12/1981
894,Moyra Blakeslee,13/01/1975
895,Evita Rother,23/05/1983
896,Jacquelyn Launchbury,12/08/1968
897,Hart Billingham,05/04/1976
898,Forbes Kirby,27/06/1995
899,Hendrick Kabsch,10/05/1999
900,Francoise Libero,14/08/1980
901,Lenee Gridley,30/07/1992
902,Sigrid Tinkham,23/11/1975
903,Willie Alsop,26/01/1981
904,Annelise Cometti,10/09/2000
905,Moina Swallow,06/02/1969
906,Dolores Stanway,12/06/1996
907,Catriona Turfitt,05/05/1997
908,Shamus Pogson,13/05/1989
909,Felix Antognoni,28/05/1973
910,Abeu McGriffin,21/07/1989
911,Burtie Paviour,01/11/1985
912,Trace Haughian,06/07/1999
913,Annissa Boorer,14/08/1999
914,Doralia Ewbanche,15/11/1972
915,Binky Posnette,19/05/1981
916,Donny Corcut,11/06/1993
917,Rae Butcher,17/10/1977
918,Peg Simmans,01/11/1976
919,Walt Brissard,14/03/1998
920,Richardo Goggin,25/11/1990
921,Coral Twinn,01/08/1973
922,Poppy Hum,04/11/1968
923,Katina Esmead,17/07/1983
924,Fancie Ison,27/06/1979
925,Paulita Capey,08/11/1996
926,Jackie Cleland,12/10/1969
927,Daniella Batrim,13/11/1993
928,Francisca Kigelman,07/01/1970
929,Marylin Avrahamoff,28/03/1982
930,Reuven Gascoyne,18/11/1990
931,Caty Krzyzanowski,28/12/1996
932,Wynn Lindstrom,10/06/1997
933,Garnette Gillbey,17/11/1976
934,Winn Plail,12/11/1968
935,Arliene Netherwood,14/05/1992
936,Raf Kippie,19/10/1975
937,Rafe Somerfield,25/12/1978
938,Costanza Sibbson,27/08/1994
939,Mason Jillings,24/09/1977
940,Gardie Flisher,23/08/1983
941,Aldric Shory,28/01/1987
942,Eduardo Pegden,22/12/1984
943,Kamilah Grahamslaw,12/09/1975
944,Archibold Wallen,24/03/1989
945,Shandy Winspeare,05/01/1970
946,Isahella Bryceson,02/08/1974
947,Paulie Kneel,10/06/2000
948,Harrie Crampsey,24/01/1992
949,Lexie Barrs,10/03/1993
950,Anabelle Swanton,10/03/1978
951,Killy Conibere,03/12/1970
952,Chandra Dring,13/12/1986
953,Tadd Baldacco,03/07/1974
954,Micaela Redford,16/03/1980
955,Nicola Noddle,26/01/1999
956,Robinett O'Gaven,23/12/1995
957,Marilyn Vooght,25/08/1995
958,Curtis Cayle,11/02/1979
959,Adolphe Ashfull,22/11/1999
960,Gaspar Perham,14/01/1999
961,Warde Nordass,26/01/1969
962,Charil Jenney,18/05/1997
963,Oona Ends,11/12/1984
964,Oralie Goold,06/08/1994
965,Oriana Mouat,24/07/1970
966,Dina Dwelling,05/12/1971
967,Reece Nardi,18/10/1997
968,Monah Cattini,26/12/1987
969,Lacee Woolliams,22/07/1996
970,Blisse Galway,04/06/1982
971,Aldric Treleven,17/09/1981
972,Cathee Ivankin,06/03/1992
973,Anderea Coils,24/08/1979
974,Corbin Davley,22/07/1990
975,Salim Deveril,17/10/1970
976,Garold Maguire,08/05/1984
977,Jolee Gillinghams,29/11/1999
978,Jori Pimerick,13/12/1972
979,Amalle Beamont,31/08/1985
980,Augustin Seamon,12/08/1994
981,Barbey Kix,13/02/1973
982,Morty Adger,12/02/1982
983,Elva Maxsted,04/04/1993
984,Kaylyn Lewton,13/06/1984
985,Jeni Cannon,26/05/1986
986,Bobbye Barwis,09/07/1974
987,Elise Digle,06/12/1992
988,Valdemar Winthrop,07/12/1967
989,Glory Ifill,30/11/1997
990,Tadd Delafoy,17/09/1990
991,Vicki Cody,30/12/1997
992,Dee Woolacott,08/08/1979
993,Gunilla Gage,16/06/1987
994,Carmel Bonnett,31/07/1991
995,Trista Pedracci,09/04/1971
996,Hoyt Nelle,29/01/1990
997,Flo Beaumont,27/05/1977
998,Chen Slimme,14/04/1991
999,Julianne Inns,07/01/1996
1000,Romola Bock,11/01/1977
