Kod,Ad,Miktar,Maliyet,Satış
1,"Mushroom - Morels, Dry",436,337.6,2905.81
2,Goat - Whole Cut,240,139.69,3240.98
3,Food Colouring - Orange,85,930.2,1592.41
4,Onions - Cooking,354,72.16,1579.74
5,Hold Up Tool Storage Rack,583,269.13,1343.1
6,"Split Peas - Yellow, Dry",740,835.99,1064.83
7,Cornflakes,499,957.2,3422.08
8,Lid - 3oz Med Rec,319,468.3,2824.83
9,Cheese - Bocconcini,662,967.29,1165.58
10,Flower - Commercial Spider,382,534.05,3972.93
11,Propel Sport Drink,293,702.16,2364.25
12,Wasabi Powder,389,607.36,3373.66
13,"Soup - Knorr, Chicken Noodle",563,811.24,3852.29
14,Yeast Dry - Fleischman,601,177.97,1908.99
15,Onion - Dried,902,502.8,767.77
16,Bread - Burger,764,733.86,921.52
17,Grand Marnier,272,216.26,2950.53
18,"Bread - Rolls, Corn",451,857.44,1532.95
19,Turkey - Ground. Lean,375,750.02,2953.64
20,Sage Ground Wiberg,634,705.48,2945.23
21,Wine - Semi Dry Riesling Vineland,183,509.29,2008.95
22,Cornish Hen,266,324.34,2515.59
23,Greens Mustard,873,813.09,2526.62
24,"Wine - Red, Gallo, Merlot",36,302.09,3662.62
25,Beef Tenderloin Aaa,836,84.48,2968.21
26,Soup - Campbells Bean Medley,532,93.01,1414.26
27,Durian Fruit,66,278.77,2490.39
28,Wine - Puligny Montrachet A.,889,981.4,2461.77
29,Raspberries - Fresh,554,432.0,2501.15
30,"Crush - Grape, 355 Ml",889,399.18,2161.29
31,Water - Evian 355 Ml,922,534.88,2090.37
32,Mushroom - White Button,664,84.77,2800.64
33,Yoghurt Tubes,713,729.86,3061.78
34,Veal - Bones,269,160.85,3124.73
35,Muffin Mix - Lemon Cranberry,439,672.46,3105.44
36,Oysters - Smoked,425,317.38,2770.18
37,Chinese Foods - Thick Noodles,768,645.91,3780.3
38,Amarula Cream,679,751.53,1426.89
39,Cheese - Camembert,102,787.66,3571.85
40,"Doilies - 12, Paper",324,207.86,3662.35
41,Jagermeister,332,483.25,3571.29
42,"Chicken - Breast, 5 - 7 Oz",651,633.61,1558.93
43,Madeira,126,863.53,1706.96
44,"Potatoes - Instant, Mashed",984,707.35,3603.72
45,Tea Leaves - Oolong,503,219.37,1421.16
46,Wine - Guy Sage Touraine,740,732.37,3431.05
47,Sprouts - Onion,308,86.92,1468.73
48,"Coconut - Shredded, Sweet",406,674.9,2171.59
49,Iced Tea Concentrate,460,795.39,2448.64
50,Miso - Soy Bean Paste,145,880.94,3743.9
51,"Ham - Smoked, Bone - In",305,811.25,2428.53
52,Chips - Assorted,36,847.12,1755.94
53,Halibut - Steaks,630,913.48,3260.63
54,"Yogurt - Cherry, 175 Gr",618,475.35,2941.22
55,Baking Powder,603,240.35,2783.27
56,Bread - Hot Dog Buns,52,555.71,3856.65
57,Teriyaki Sauce,319,821.64,2233.42
58,Alize Sunset,680,467.23,3701.24
59,Tofu - Firm,105,778.14,2091.32
60,Cookie - Oreo 100x2,321,333.12,1505.16
61,Cheese - Mozzarella,860,530.2,1227.49
62,Pail With Metal Handle 16l White,282,431.86,1595.99
63,Wine - Casillero Del Diablo,947,302.33,3508.65
64,Compound - Rum,129,531.09,2087.52
65,Appetizer - Cheese Bites,279,334.26,3034.17
66,Shark - Loin,761,565.97,1359.67
67,Lemonade - Pineapple Passion,321,329.51,976.13
68,Bagel - Ched Chs Presliced,988,384.64,3400.17
69,Coffee - Decaffeinato Coffee,917,870.96,2361.48
70,Dry Ice,966,441.87,2159.22
71,Catfish - Fillets,328,483.19,762.64
72,Onions - Red,743,599.6,867.37
73,Corn Syrup,440,65.37,1861.1
74,Country Roll,880,225.31,3808.69
75,Wine - Chateau Timberlay,44,208.71,3475.8
76,"Cake Circle, Foil, Scallop",237,984.83,3506.04
77,Tomato - Plum With Basil,988,979.23,3601.88
78,Soup - Campbells,309,280.78,2952.4
79,Wine - Ice Wine,442,415.1,1122.43
80,Duck - Breast,267,404.04,2590.19
81,Napkin White - Starched,194,496.09,3853.66
82,Beer - Mcauslan Apricot,140,761.98,3859.63
83,Appetizer - Tarragon Chicken,344,515.81,3013.29
84,"Asparagus - White, Fresh",245,492.0,2202.25
85,Wine - Shiraz Wolf Blass Premium,990,717.13,3010.55
86,Lettuce - Escarole,774,766.63,820.84
87,Heavy Duty Dust Pan,448,439.77,1883.0
88,"Nut - Cashews, Whole, Raw",605,613.14,2025.38
89,"Nut - Pecan, Halves",191,463.64,2209.69
90,"Juice - Tomato, 10 Oz",783,729.68,1293.07
91,Cheese - Parmigiano Reggiano,216,135.36,3022.53
92,Lemonade - Pineapple Passion,946,885.56,2527.19
93,Sauce Bbq Smokey,941,486.49,1909.71
94,Pumpkin - Seed,458,419.72,748.41
95,"Coke - Diet, 355 Ml",179,95.5,3142.01
96,"Chicken - Base, Ultimate",84,563.92,2263.53
97,Appetizer - Crab And Brie,328,414.82,2614.85
98,Crab - Meat Combo,753,310.01,3673.88
99,Longos - Grilled Salmon With Bbq,881,831.82,2135.1
100,Wine - Soave Folonari,595,515.66,1222.44
101,Tea - Grapefruit Green Tea,479,497.2,2836.94
102,"Wine - Red, Pelee Island Merlot",160,100.71,1954.78
103,"Squash - Pattypan, Yellow",246,170.62,1847.33
104,Carbonated Water - Lemon Lime,732,828.36,3778.53
105,"Cheese - Boursin, Garlic / Herbs",348,710.48,981.03
106,Bag Clear 10 Lb,738,729.45,2665.95
107,Melon - Cantaloupe,981,310.83,3384.76
108,Lettuce - Lolla Rosa,902,991.18,3925.73
109,Crab Brie In Phyllo,746,313.91,3761.03
110,Ecolab - Hobart Upr Prewash Arm,825,362.18,1508.26
111,Creme De Cacao White,826,891.02,2497.86
112,Rosemary - Fresh,977,268.73,3019.12
113,Chinese Foods - Cantonese,293,945.95,3908.04
114,Bread - Calabrese Baguette,44,50.52,1571.94
115,Tomatoes Tear Drop Yellow,573,541.15,3742.16
116,Shrimp - 100 / 200 Cold Water,62,455.67,869.02
117,Bread Ww Cluster,846,427.14,1738.06
118,Gatorade - Orange,830,836.2,1620.74
119,"Soup - Campbells, Minestrone",224,561.16,1737.58
120,Beef - Tenderloin,447,205.96,1999.22
121,Table Cloth 120 Round White,47,734.5,2409.82
122,Sansho Powder,441,525.76,1741.69
123,Steam Pan Full Lid,552,83.52,2620.9
124,Garlic Powder,556,946.84,745.1
125,Wiberg Super Cure,271,579.01,3175.45
126,Sauce - Thousand Island,110,308.6,2847.56
127,Tomato Paste,956,132.63,1921.2
128,"Wine - White, French Cross",896,956.03,1832.97
129,Hand Towel,243,640.32,2455.46
130,Cookie Double Choco,390,228.3,1779.12
131,Sobe - Tropical Energy,790,712.59,1124.7
132,Raisin - Golden,665,366.69,2136.71
133,Sugar - Fine,946,817.95,1542.41
134,Cheese Cloth No 60,337,919.85,1784.26
135,Wine - Saint Emilion Calvet,362,738.0,2489.31
136,Pancetta,316,380.17,954.48
137,Water - Spring Water 500ml,88,445.19,1394.79
138,"Seedlings - Buckwheat, Organic",636,809.36,2648.88
139,Cheese - Stilton,22,263.73,2344.09
140,"Pasta - Cappellini, Dry",556,652.81,2933.72
141,Bread - Raisin Walnut Pull,841,533.42,1436.49
142,Broom Handle,268,382.88,2630.84
143,Tamarind Paste,906,456.97,3615.61
144,Spinach - Frozen,326,286.49,3971.43
145,Gelatine Powder,817,929.55,1666.13
146,Dasheen,2,380.52,3542.96
147,"C - Plus, Orange",266,932.94,3275.68
148,Island Oasis - Strawberry,712,411.53,1077.55
149,Nori Sea Weed - Gold Label,922,547.06,2107.39
150,Lamb - Shanks,357,145.47,971.43
151,Table Cloth 53x53 White,338,567.83,3825.23
152,Glass Clear 8 Oz,894,174.98,1989.98
153,Energy Drink - Franks Pineapple,503,859.46,2420.63
154,"Juice - Tomato, 48 Oz",791,87.47,1937.7
155,"Rosemary - Primerba, Paste",668,269.78,2443.11
156,Creme De Cacao White,315,335.84,3020.88
157,Rice - Wild,709,886.37,1194.11
158,Evaporated Milk - Skim,254,349.89,2657.24
159,Cake - Sheet Strawberry,343,881.46,3311.1
160,"Soup - Campbells, Chix Gumbo",790,980.51,3518.72
161,Pail With Metal Handle 16l White,573,100.34,1052.84
162,Bamboo Shoots - Sliced,345,826.84,887.79
163,Nantuket Peach Orange,730,604.04,3450.87
164,Catfish - Fillets,41,881.44,3332.65
165,Pepper - Green,22,63.04,2477.92
166,Sobe - Green Tea,433,581.54,1199.1
167,"Vodka - Hot, Lnferno",155,979.51,1563.98
168,Wine - Guy Sage Touraine,94,905.32,2471.2
169,"Water - Mineral, Carbonated",617,687.79,3675.26
170,Cookie - Oatmeal,163,761.26,1560.84
171,Beans - French,758,393.13,1715.52
172,Vegetable - Base,167,921.62,3248.26
173,Coriander - Ground,28,69.61,2011.28
174,Fish - Bones,824,662.22,1151.84
175,"Mushroom - Morels, Dry",362,808.9,2436.68
176,"Nut - Walnut, Pieces",872,573.22,3006.44
177,Lettuce - Arugula,879,490.95,3649.53
178,Pastrami,39,571.2,1277.97
179,Lamb Rack Frenched Australian,739,118.49,1110.06
180,Peppercorns - Pink,773,131.42,795.5
181,"Soup - Campbells, Classic Chix",523,567.95,2038.81
182,Rabbit - Whole,884,438.67,1866.67
183,Appetizer - Lobster Phyllo Roll,522,853.49,2978.87
184,Devonshire Cream,207,198.17,2481.32
185,Buttons,165,138.14,1337.21
186,Cookies - Assorted,980,746.5,1961.29
187,Mushroom - King Eryingii,933,806.91,844.82
188,Paper Cocktail Umberlla 80 - 180,894,930.42,1981.19
189,Dasheen,154,215.17,1253.32
190,Flour - Cake,303,769.41,782.65
191,Eel Fresh,5,924.89,825.21
192,Sword Pick Asst,927,950.57,3250.83
193,"Soup - Campbells, Beef Barley",663,70.49,1398.74
194,"Wine - White, Lindemans Bin 95",634,699.23,708.14
195,Wine - Savigny - Les - Beaune,914,174.12,2319.84
196,Pasta - Cheese / Spinach Bauletti,608,199.85,1583.82
197,Soap - Hand Soap,671,294.15,1186.05
198,Cranberries - Frozen,688,122.52,1942.54
199,Chicken - Livers,226,250.31,1495.54
200,Grapes - Green,605,70.29,1235.26
201,"Star Anise, Whole",826,517.5,2002.95
202,Bread - 10 Grain Parisian,351,363.21,776.91
203,Steam Pan Full Lid,226,535.44,3213.2
204,Flour - Strong Pizza,573,171.54,1877.04
205,Soup - Chicken And Wild Rice,941,567.6,1538.98
206,Pepper - Gypsy Pepper,567,589.42,3617.82
207,Walkers Special Old Whiskey,920,866.03,1015.92
208,Carrots - Jumbo,405,952.95,2837.98
209,Wine - Sawmill Creek Autumn,586,999.92,1944.46
210,Cream - 18%,745,390.5,1545.27
211,Bread Cranberry Foccacia,350,840.5,3140.49
212,Fenngreek Seed,677,359.61,2252.61
213,Mint - Fresh,174,491.56,3777.27
214,"Pepper - White, Whole",454,802.82,3073.76
215,Flour - Pastry,846,190.6,1483.05
216,Bagel - Plain,628,174.69,2719.71
217,"Wine - Red, Harrow Estates, Cab",871,442.37,1735.41
218,"Lobster - Baby, Boiled",520,347.99,2920.31
219,Tea - Orange Pekoe,637,262.11,926.55
220,"Oregano - Dry, Rubbed",943,961.65,1117.57
221,Flavouring - Raspberry,176,771.05,3221.31
222,Juice - Lime,354,571.44,3813.08
223,Oil - Hazelnut,243,173.12,954.72
224,Flavouring - Rum,181,446.88,2664.87
225,"Stock - Veal, White",92,356.52,2425.67
226,"Pork - Tenderloin, Fresh",742,529.05,999.2
227,Pepper - Sorrano,853,716.71,1199.87
228,Huck Towels White,183,502.29,1215.41
229,"Trout - Hot Smkd, Dbl Fillet",64,384.14,1418.2
230,Wine - Chianti Classico Riserva,635,346.01,1997.58
231,Spinach - Spinach Leaf,876,741.93,1149.2
232,Sobe - Berry Energy,717,192.3,3830.53
233,Plasticforkblack,63,831.66,3581.84
234,Bar - Granola Trail Mix Fruit Nut,684,390.05,1129.44
235,Milk - Chocolate 500ml,633,713.84,1556.78
236,"Nut - Walnut, Pieces",770,915.41,1145.13
237,Foam Espresso Cup Plain White,771,484.44,3247.78
238,Bread Base - Gold Formel,538,279.96,1774.27
239,Soup Campbells,121,479.98,3825.83
240,Pike - Frozen Fillet,675,976.39,2915.92
241,Onion - Dried,145,395.47,1866.53
242,"Pepper - Paprika, Hungarian",318,597.09,3836.17
243,Wood Chips - Regular,960,916.99,3671.04
244,Bananas,239,759.09,1036.1
245,Tea Leaves - Oolong,318,593.44,3641.85
246,Wine - Chateau Aqueria Tavel,622,348.37,1835.57
247,Beer - Mcauslan Apricot,530,640.96,3190.98
248,"Coffee - Beans, Whole",673,964.18,2067.94
249,Beef - Cow Feet Split,52,373.74,2694.27
250,"Tarragon - Primerba, Paste",189,172.53,999.13
251,Pepper - Cayenne,184,294.24,1055.83
252,Wine - Manischewitz Concord,934,314.89,2391.74
253,Jolt Cola,476,203.33,2509.88
254,Chips - Doritos,637,216.61,3570.14
255,Juice - Lagoon Mango,819,753.39,2501.37
256,Flower - Potmums,225,379.3,3737.9
257,Cheese - Brick With Onion,237,774.69,2319.83
258,Bouq All Italian - Primerba,223,946.25,1059.66
259,Rice - 7 Grain Blend,884,571.13,2392.19
260,Pike - Frozen Fillet,492,189.65,824.11
261,"Tomatoes - Cherry, Yellow",107,675.36,3285.51
262,The Pop Shoppe - Grape,966,352.75,3562.29
263,Flavouring Vanilla Artificial,322,997.74,2835.54
264,Tilapia - Fillets,556,543.42,2542.0
265,Marzipan 50/50,470,778.22,1577.09
266,Cocoa Feuilletine,10,273.01,2805.07
267,Tomatoes - Cherry,684,853.33,3511.57
268,Pate - Liver,837,385.95,2377.1
269,Grouper - Fresh,708,246.67,3134.93
270,Red Pepper Paste,978,198.93,770.58
271,Island Oasis - Peach Daiquiri,751,668.55,3948.69
272,Ice Cream Bar - Rolo Cone,653,137.39,979.87
273,"Stock - Beef, Brown",521,915.84,2813.99
274,Turkey - Oven Roast Breast,309,860.4,2122.9
275,"Crab - Back Fin Meat, Canned",445,78.31,2367.54
276,"Cheese - Boursin, Garlic / Herbs",574,51.44,3023.98
277,Apricots - Dried,195,418.18,3894.82
278,Beef - Prime Rib Aaa,142,499.26,2127.58
279,Lettuce - Escarole,760,675.57,1192.67
280,Wine - Montecillo Rioja Crianza,44,802.87,3770.82
281,Puree - Mocha,638,574.84,3881.02
282,Hand Towel,877,438.59,2611.87
283,Apple - Fuji,734,914.15,2000.0
284,Cookies - Englishbay Chochip,295,168.72,3008.46
285,"Chocolate - Pistoles, Lactee, Milk",211,494.75,1807.45
286,Wine - Vouvray Cuvee Domaine,299,746.96,1810.03
287,"Salmon - Whole, 4 - 6 Pounds",327,168.53,2479.28
288,Pork Salted Bellies,780,527.56,1617.51
289,"Wine - White, Ej",552,957.41,1903.24
290,Spinach - Baby,561,667.94,2064.04
291,"Cheese - Woolwich Goat, Log",486,808.05,3555.85
292,"Beans - Black Bean, Canned",824,895.52,3185.0
293,Barramundi,106,203.68,1896.02
294,Wine - Acient Coast Caberne,422,599.31,1709.73
295,"Bag - Bread, White, Plain",828,187.98,3408.54
296,Towels - Paper / Kraft,14,696.65,2434.14
297,Gatorade - Fruit Punch,617,651.05,3891.22
298,Tea - Vanilla Chai,859,181.73,2925.19
299,Cheese - Goat With Herbs,89,924.96,1307.42
300,Tofu - Soft,496,624.59,3452.61
301,Pie Filling - Pumpkin,170,174.96,1063.17
302,Icecream Bar - Del Monte,532,357.74,3233.82
303,Ezy Change Mophandle,585,109.72,2408.54
304,"Cheese - Cheddar, Old White",759,995.98,2435.09
305,Langers - Mango Nectar,944,992.54,3413.07
306,Nantucket Orange Juice,411,524.79,2494.18
307,Water - Spring 1.5lit,940,351.65,2926.2
308,Puff Pastry - Slab,715,998.57,2731.64
309,Water - Green Tea Refresher,892,556.54,1234.41
310,Muffin Orange Individual,93,437.76,3842.16
311,Duck - Breast,126,914.37,1515.45
312,Ice Cream - Vanilla,121,548.45,1722.6
313,Cake - Cake Sheet Macaroon,172,229.46,1977.89
314,Wine - Piper Heidsieck Brut,111,243.17,2448.59
315,Bulgar,321,119.92,2332.29
316,Sauerkraut,337,738.63,3806.73
317,Beef Dry Aged Tenderloin Aaa,249,665.4,2178.28
318,"Pasta - Rotini, Colour, Dry",332,610.81,1226.77
319,Cookie Trail Mix,337,83.51,3990.36
320,Tomatillo,249,102.07,2291.76
321,Bread - Calabrese Baguette,208,352.22,3272.63
322,Icecream - Dstk Super Cone,712,924.39,1748.57
323,Cup - 4oz Translucent,610,200.57,2192.08
324,Vinegar - White,964,215.9,2904.0
325,Tea Leaves - Oolong,475,128.22,2920.53
326,"Vodka - Hot, Lnferno",380,819.12,3528.54
327,Madeira,227,826.74,3054.02
328,Mahi Mahi,906,230.53,3552.71
329,Salt - Sea,725,395.72,1333.51
330,Parsley Italian - Fresh,844,69.38,2089.71
331,Wine - Shiraz South Eastern,463,990.08,2412.13
332,Juice - Lime,922,361.52,2256.29
333,Muffins - Assorted,863,825.07,1482.08
334,Gatorade - Xfactor Berry,355,203.93,1979.46
335,Wine - Rubyport,598,890.97,2625.74
336,Table Cloth 90x90 Colour,77,829.4,885.15
337,Beef - Top Sirloin,792,781.58,2464.52
338,Tea - Decaf Lipton,955,639.91,2637.34
339,Mushroom - King Eryingii,286,470.31,2071.95
340,Appetizer - Tarragon Chicken,167,948.35,3776.22
341,"Radish - Black, Winter, Organic",601,772.78,3123.0
342,"Salmon - Atlantic, Skin On",721,394.23,1335.6
343,Lobster - Base,265,721.02,1940.2
344,Water Chestnut - Canned,304,304.05,2124.91
345,Flour - All Purpose,924,385.18,2314.77
346,Veal - Liver,482,622.62,3978.97
347,Seedlings - Clamshell,860,482.94,2429.85
348,Squash - Guords,986,364.21,3580.12
349,Muffin Mix - Banana Nut,523,931.9,3005.79
350,Gelatine Leaves - Bulk,427,56.72,1623.68
351,Compound - Rum,629,320.39,827.65
352,Mince Meat - Filling,866,753.95,1811.08
353,Grand Marnier,295,266.99,2195.59
354,Baking Powder,435,293.0,2320.88
355,Soup - Base Broth Chix,888,67.38,3336.41
356,Bread - Wheat Baguette,722,576.52,1014.86
357,Sausage - Meat,389,892.94,2938.01
358,Crab - Meat,396,200.92,3634.33
359,"Bread - Bagels, Mini",333,735.81,3082.29
360,Grand Marnier,517,189.99,3449.09
361,Veal Inside - Provimi,788,519.63,3496.28
362,Table Cloth 53x53 White,943,813.69,808.52
363,Wine - Guy Sage Touraine,700,402.81,2814.14
364,Cheese - Swiss,237,454.28,2606.3
365,"Brownies - Two Bite, Chocolate",34,497.27,2627.97
366,Pork - Side Ribs,290,125.95,3597.82
367,"Lettuce - Mini Greens, Whole",901,197.07,2140.67
368,Bowl 12 Oz - Showcase 92012,812,693.6,1522.92
369,"Jam - Strawberry, 20 Ml Jar",915,361.15,2604.68
370,"Nut - Hazelnut, Whole",720,988.74,1787.53
371,Pants Custom Dry Clean,561,71.25,3325.95
372,Lobster - Canned Premium,902,683.32,2851.64
373,"Shrimp - 16/20, Peeled Deviened",129,89.99,3827.16
374,Flour Dark Rye,227,987.51,3397.68
375,Steamers White,831,541.88,3750.04
376,Cookie Dough - Chocolate Chip,395,50.62,1281.2
377,Table Cloth 62x120 Colour,339,208.25,1231.63
378,"Crab - Dungeness, Whole",315,719.84,3801.53
379,External Supplier,661,741.61,2781.84
380,Green Scrubbie Pad H.duty,354,583.06,2137.67
381,Gatorade - Cool Blue Raspberry,262,991.77,1716.77
382,Bacardi Mojito,570,697.18,2403.73
383,"Oil - Shortening,liqud, Fry",913,893.14,1321.82
384,Wine - Pinot Noir Latour,513,683.03,1039.1
385,Tea - Camomele,720,479.5,1144.63
386,Nantucket - 518ml,49,794.01,942.83
387,Table Cloth 62x120 Colour,664,451.45,1693.48
388,Squash - Sunburst,782,963.69,3509.22
389,"Wine - White, Riesling, Henry Of",487,442.61,989.47
390,Wakami Seaweed,344,111.92,1412.96
391,"Pepper - Green, Chili",636,759.7,2889.95
392,Cheese - St. Paulin,951,432.86,2727.41
393,"Pasta - Tortellini, Fresh",805,954.79,1965.4
394,Rye Special Old,165,299.22,1188.94
395,Aspic - Clear,532,385.01,1438.32
396,Flour - Chickpea,258,878.35,3240.57
397,Sugar - Monocystal / Rock,986,495.56,3154.27
398,Puree - Blackcurrant,582,758.25,3940.62
399,Wine - Riesling Dr. Pauly,123,654.7,1027.59
400,"Iced Tea - Lemon, 460 Ml",495,433.65,1324.36
401,"Mustard - Dry, Powder",644,388.73,3259.95
402,Beer - Sleemans Cream Ale,924,64.84,3845.47
403,Squid Ink,152,977.96,1638.4
404,Pie Filling - Pumpkin,245,698.02,2461.62
405,"Syrup - Monin, Swiss Choclate",623,675.53,1507.66
406,"Mushroom - Chanterelle, Dry",467,963.53,2807.41
407,Bread - Kimel Stick Poly,244,478.52,1299.31
408,Bread - Italian Corn Meal Poly,638,783.19,3832.09
409,Soup - Campbells Broccoli,277,933.78,1691.52
410,Pork - Kidney,744,308.2,2567.64
411,"Bread - Pita, Mini",811,144.74,3951.7
412,Beef - Short Loin,502,157.02,2068.57
413,Beans - Fine,384,974.25,2911.15
414,Bread - Focaccia Quarter,817,150.64,1282.94
415,Pork - European Side Bacon,248,580.65,3632.47
416,Nantucket Orange Juice,341,433.63,2281.7
417,Kahlua,725,322.5,750.14
418,Table Cloth 144x90 White,434,779.43,1971.16
419,Country Roll,530,157.93,2990.6
420,Ham - Cooked,595,683.84,1953.58
421,Red Currants,26,952.09,3321.52
422,Flour - Strong Pizza,207,622.06,1018.46
423,Beer - Paulaner Hefeweisse,879,853.63,3112.1
424,Worcestershire Sauce,357,275.49,3521.25
425,Energy Drink - Redbull 355ml,973,280.36,1561.45
426,Tuna - Sushi Grade,621,856.89,1946.67
427,Cilantro / Coriander - Fresh,695,287.42,2154.7
428,Bandage - Flexible Neon,994,165.71,1220.03
429,Strawberries - California,554,103.14,934.64
430,Pork - Liver,383,678.66,3077.03
431,Lemon Balm - Fresh,977,83.04,2250.87
432,"Syrup - Monin, Swiss Choclate",655,321.79,1543.8
433,Crackers - Melba Toast,568,578.1,1150.63
434,Gherkin,743,161.82,1610.74
435,Pate - Liver,873,544.97,1132.03
436,Wine - Acient Coast Caberne,690,296.36,3526.2
437,Pasta - Angel Hair,701,508.75,2400.67
438,Cornstarch,538,422.67,2032.04
439,Cognac - Courvaisier,973,998.7,2438.19
440,Wiberg Super Cure,229,604.76,3793.61
441,Beans - Butter Lrg Lima,722,928.27,1082.55
442,Kellogs Raisan Bran Bars,260,101.57,1957.12
443,Table Cloth 53x69 White,358,635.71,2196.85
444,Steel Wool S.o.s,116,429.08,3041.73
445,"Pasta - Rotini, Dry",104,716.42,3918.47
446,Bread Base - Goodhearth,868,530.89,3819.7
447,Horseradish - Prepared,316,166.97,3181.6
448,Sauce - Caesar Dressing,778,925.66,2254.56
449,"Veal - Shank, Pieces",1,703.64,3034.25
450,Dasheen,119,187.52,3000.39
451,"Tart Shells - Savory, 4",626,711.08,3841.75
452,Skirt - 29 Foot,925,272.18,1781.0
453,Flour - Pastry,19,98.27,3251.49
454,"Ice - Clear, 300 Lb For Carving",90,758.14,3477.45
455,Cocoa Powder - Natural,326,635.89,1323.85
456,Fish - Bones,665,929.81,1217.16
457,"Coke - Diet, 355 Ml",512,894.87,3183.56
458,"Cheese - Cheddar, Mild",857,391.73,743.03
459,Fork - Plastic,682,81.77,3375.44
460,Bagel - Plain,84,768.61,922.55
461,Brandy Cherry - Mcguinness,411,383.81,3305.24
462,Wine - Chianti Classica Docg,189,804.44,3534.12
463,Island Oasis - Wildberry,132,59.62,2987.89
464,Jagermeister,269,145.11,3728.44
465,Spic And Span All Purpose,192,152.93,1518.66
466,Rosemary - Dry,26,829.51,1649.8
467,Buttons,788,929.84,1947.75
468,Tomatoes Tear Drop Yellow,123,189.31,871.31
469,Wine - Casillero Deldiablo,156,724.24,3722.59
470,Lettuce - Treviso,348,863.24,3889.9
471,Eggplant Oriental,119,765.18,2393.36
472,Almonds Ground Blanched,620,754.44,719.68
473,Cornstarch,29,593.66,974.81
474,Cocktail Napkin Blue,259,954.73,2381.4
475,Tamarind Paste,996,270.7,3350.47
476,Cookies - Amaretto,577,983.27,1651.44
477,Cups 10oz Trans,835,577.23,2977.36
478,"Wine - Red, Black Opal Shiraz",736,588.28,1635.22
479,"Veal - Brisket, Provimi,bnls",667,283.58,3234.97
480,Flower - Dish Garden,45,564.15,2139.86
481,"Wine - White, Pelee Island",809,914.05,3266.43
482,Muffins - Assorted,739,573.45,2989.58
483,Veal - Provimi Inside,787,983.05,3397.71
484,Mushroom Morel Fresh,726,408.37,3598.56
485,"Juice - Clam, 46 Oz",107,741.31,2177.36
486,Wine - Beringer Founders Estate,532,699.63,2726.57
487,Tray - 12in Rnd Blk,155,563.68,2849.57
488,"Mushroom - Enoki, Dry",362,169.37,1372.45
489,Wine - Coteaux Du Tricastin Ac,390,465.12,1911.35
490,Temperature Recording Station,517,558.97,779.29
491,Cumin - Ground,991,973.37,1454.72
492,Wine - Sogrape Mateus Rose,282,335.96,1125.08
493,Cup - Translucent 7 Oz Clear,598,65.78,3700.94
494,"Wine - Red, Cabernet Merlot",970,586.34,1396.14
495,Chocolate - Semi Sweet,658,141.22,1664.81
496,Turnip - Wax,411,947.66,3127.54
497,Huck White Towels,280,163.63,2239.52
498,Arizona - Plum Green Tea,934,131.6,3628.63
499,Cucumber - Pickling Ontario,50,815.48,3759.02
500,Lychee,189,538.62,3245.94
501,Apple - Fuji,172,919.49,782.05
502,Bread - Sour Batard,813,999.14,1842.82
503,Bagel - 12 Grain Preslice,226,461.76,1013.54
504,Anchovy Fillets,675,701.84,1667.7
505,Pie Filling - Apple,590,697.91,1437.05
506,"Oil - Food, Lacquer Spray",996,412.96,2975.05
507,Chicken - Base,614,721.64,3500.1
508,Pork - Smoked Kassler,972,868.06,3833.87
509,Tamarillo,857,940.39,2075.97
510,Wine - Taylors Reserve,338,777.21,2556.71
511,Cake - Sheet Strawberry,375,134.18,2565.49
512,Tea - Jasmin Green,610,860.72,2018.12
513,Onions - White,41,241.48,3886.94
514,Bread - Calabrese Baguette,578,339.66,717.57
515,Cookie Dough - Oatmeal Rasin,777,708.32,1458.38
516,Cumin - Whole,596,941.98,2150.09
517,Dried Cherries,580,702.76,3859.7
518,Bread - White Mini Epi,457,175.13,2319.84
519,"Lentils - Green, Dry",177,684.34,3618.06
520,Table Cloth 81x81 Colour,383,746.46,1372.12
521,"Soup - Campbells, Beef Barley",518,668.18,910.14
522,Pomegranates,18,842.31,3702.98
523,Rabbit - Legs,472,759.56,2037.66
524,Compound - Rum,746,890.02,2910.74
525,Corn Shoots,754,584.03,1904.64
526,Tomato - Plum With Basil,792,196.89,867.88
527,Muffin Mix - Lemon Cranberry,7,929.87,2425.67
528,Muffin - Bran Ind Wrpd,870,165.05,3090.91
529,Bread - Crusty Italian Poly,332,623.41,2869.89
530,Cloves - Ground,546,481.06,3497.17
531,Apples - Spartan,300,246.91,2410.23
532,"Bread - Roll, Italian",908,379.92,2964.22
533,Wine - Periguita Fonseca,944,543.0,3869.68
534,Fondant - Icing,978,971.73,1056.45
535,Sobe - Orange Carrot,158,706.12,1452.17
536,Table Cloth 62x114 Colour,670,884.07,1369.8
537,Sobe - Cranberry Grapefruit,119,823.62,2915.46
538,Water - Aquafina Vitamin,768,448.74,3470.65
539,Milk - 2% 250 Ml,44,424.43,1082.95
540,"Coconut - Shredded, Sweet",372,337.93,3286.84
541,Towel Dispenser,113,318.73,2974.96
542,Wine - Manischewitz Concord,732,234.6,1532.46
543,Muffin Hinge Container 6,204,468.47,1459.7
544,Cake - Pancake,765,624.78,3588.62
545,Pimento - Canned,892,934.08,1210.89
546,Fond - Chocolate,772,496.3,918.69
547,"Juice - Pineapple, 48 Oz",357,65.09,2499.14
548,"Pepsi, 355 Ml",817,833.78,1742.37
549,Creme De Banane - Marie,570,876.85,2056.86
550,Jolt Cola - Red Eye,616,482.87,3108.03
551,Icecream - Dstk Cml And Fdg,354,741.33,3010.7
552,Wine - Malbec Trapiche Reserve,948,817.58,1922.43
553,Crackers - Soda / Saltins,544,530.1,2600.44
554,"Wine - White, Chardonnay",776,178.15,2851.25
555,Ice Cream Bar - Oreo Cone,430,701.4,2143.6
556,Table Cloth - 53x69 Colour,86,236.35,3723.57
557,Zucchini - Yellow,131,234.17,3315.47
558,Soup - Cream Of Broccoli,288,517.09,874.56
559,Meldea Green Tea Liquor,31,193.48,2334.23
560,Arctic Char - Fillets,578,98.78,2943.23
561,Sage - Ground,409,652.46,778.46
562,Sauce Tomato Pouch,188,164.13,2233.81
563,"Oranges - Navel, 72",874,932.6,3506.43
564,"Wine - White, Ej",155,470.94,1582.54
565,V8 - Berry Blend,424,460.01,2560.57
566,Milk - Chocolate 500ml,262,647.93,2267.7
567,Beef - Texas Style Burger,262,496.31,821.79
568,Shrimp - Black Tiger 26/30,726,522.54,1912.51
569,Spic And Span All Purpose,194,845.1,1538.05
570,Nougat - Paste / Cream,216,890.12,3598.67
571,Pie Shells 10,630,163.98,1651.82
572,"Juice - Tomato, 10 Oz",184,447.53,3233.68
573,"Cheese - Cheddar, Mild",259,691.35,1530.09
574,Beans - Green,519,928.03,846.78
575,Tomatoes Tear Drop,627,193.43,3465.42
576,Bread Crumbs - Panko,56,983.82,1864.03
577,"Pasta - Lasagna, Dry",501,410.76,2244.94
578,Island Oasis - Wildberry,111,646.61,1853.05
579,Olive - Spread Tapenade,52,541.06,2465.82
580,"Tart Shells - Barquettes, Savory",409,996.84,2813.5
581,Pork Loin Bine - In Frenched,771,848.71,1124.76
582,Lettuce - Curly Endive,445,730.41,3692.6
583,"Bread - Bagels, Plain",386,60.9,1881.36
584,"Soup - French Onion, Dry",222,888.51,1860.33
585,Bread - Focaccia Quarter,544,680.64,3294.26
586,"Nut - Almond, Blanched, Whole",7,767.68,2987.26
587,Sprouts - Brussel,641,921.88,751.04
588,Milk - Chocolate 250 Ml,432,492.54,1679.82
589,"Pork - Back, Short Cut, Boneless",168,625.84,2145.31
590,"Wine - Mas Chicet Rose, Vintage",286,668.56,2962.81
591,Coffee Caramel Biscotti,136,337.8,3336.71
592,Lychee - Canned,795,784.53,3197.79
593,Pork Loin Bine - In Frenched,728,457.31,1226.14
594,Lettuce - California Mix,225,812.6,1193.32
595,Pork - Caul Fat,381,245.63,2843.96
596,Oregano - Fresh,117,829.49,2323.12
597,Turkey - Ground. Lean,796,352.47,3671.78
598,Table Cloth 62x120 White,512,652.3,3428.54
599,Wine - Chateau Aqueria Tavel,42,406.34,956.66
600,Cleaner - Bleach,193,793.61,1146.73
601,"Sauce - Gravy, Au Jus, Mix",16,751.43,3439.57
602,Straws - Cocktale,833,375.32,835.88
603,Kaffir Lime Leaves,483,879.75,3212.1
604,Couscous,657,848.55,3523.27
605,"Wine - Red, Cabernet Merlot",9,616.81,3832.48
606,Relish,483,792.54,970.19
607,"Rum - Spiced, Captain Morgan",944,605.79,3937.89
608,Beef - Top Sirloin - Aaa,399,184.85,943.28
609,"Pepper - Paprika, Spanish",98,919.27,2446.61
610,Skirt - 29 Foot,114,790.08,1657.3
611,Coffee Cup 12oz 5342cd,268,103.69,1654.33
612,Breadfruit,566,799.93,3165.27
613,"Soup - Beef Conomme, Dry",511,351.37,2199.22
614,Scallops - 10/20,233,317.66,1788.88
615,"Nestea - Ice Tea, Diet",461,580.42,1591.88
616,Carroway Seed,264,693.88,798.59
617,Sugar - Individual Portions,207,804.27,1495.81
618,"Fish - Base, Bouillion",419,501.24,3063.0
619,Bread - Petit Baguette,519,914.35,3074.88
620,Table Cloth 54x72 White,448,798.62,3106.21
621,Bar Energy Chocchip,538,126.29,1329.7
622,Wine - Zonnebloem Pinotage,245,898.03,3075.79
623,Bols Melon Liqueur,859,391.15,1420.68
624,French Pastries,342,792.42,2240.13
625,Lid Coffee Cup 8oz Blk,365,898.54,1924.11
626,Wine - Wyndham Estate Bin 777,452,838.3,3511.78
627,Pepper - Yellow Bell,244,917.12,2729.51
628,Muffin - Carrot Individual Wrap,629,172.5,2362.76
629,"Wine - Bourgogne 2002, La",25,998.2,2959.24
630,Beets - Mini Golden,250,706.98,3790.95
631,Jicama,464,484.8,3134.22
632,"Pepper - Black, Ground",65,192.72,3587.88
633,Orange - Blood,646,442.19,1529.54
634,Salmon Steak - Cohoe 6 Oz,913,875.52,2568.97
635,Stainless Steel Cleaner Vision,605,919.08,1672.82
636,Pepper - Red Thai,260,336.7,2593.15
637,Shrimp - 31/40,836,269.19,2632.85
638,Oil - Sesame,205,836.18,766.97
639,Nori Sea Weed,25,724.11,716.5
640,Wine - Masi Valpolocell,317,984.85,3582.73
641,Creme De Cacao White,772,698.76,3805.52
642,Tea - Herbal Sweet Dreams,307,125.56,3999.22
643,Cardamon Ground,352,426.82,2597.6
644,Cheese - Comte,807,773.67,1330.93
645,Appetizer - Smoked Salmon / Dill,1,117.34,3358.42
646,Salmon Atl.whole 8 - 10 Lb,226,591.92,3839.99
647,Wine - Magnotta - Cab Sauv,726,202.37,3960.84
648,Pasta - Angel Hair,88,443.42,967.99
649,Pepper - Red Chili,50,412.48,3601.93
650,Wine - Maipo Valle Cabernet,507,528.84,1086.05
651,Syrup - Kahlua Chocolate,779,194.42,1195.45
652,Apricots - Halves,631,288.88,984.84
653,"Fish - Halibut, Cold Smoked",940,409.5,3955.63
654,"7up Diet, 355 Ml",410,799.56,3068.23
655,"Crab - Blue, Frozen",567,730.54,2454.76
656,Pears - Anjou,970,613.97,3153.39
657,Cheese - Comtomme,987,589.76,1730.44
658,Cheese - Pied De Vents,24,426.12,2498.79
659,"Fish - Halibut, Cold Smoked",371,270.44,2671.39
660,Spice - Peppercorn Melange,248,964.39,3707.15
661,"Yogurt - Banana, 175 Gr",597,864.22,3419.56
662,Muffin Batt - Carrot Spice,650,112.44,3311.93
663,"Brownies - Two Bite, Chocolate",637,136.28,1423.74
664,Food Colouring - Green,88,911.97,2079.88
665,Bread - French Baquette,613,994.75,1230.72
666,Tequila - Sauza Silver,169,80.1,2220.64
667,Orange - Tangerine,169,59.99,1498.36
668,Wine - Sawmill Creek Autumn,327,221.65,2753.93
669,Compound - Raspberry,833,635.24,861.69
670,Filo Dough,622,424.75,3577.71
671,Soup - Campbells Beef Strogonoff,128,698.87,1302.76
672,Kiwi Gold Zespri,202,614.83,3015.65
673,"Ecolab - Orange Frc, Cleaner",806,779.38,2183.92
674,"Pasta - Canelloni, Single Serve",762,124.61,2173.46
675,Sobe - Orange Carrot,504,945.9,3836.68
676,"Soup - Campbells, Beef Barley",573,438.46,3697.16
677,"Split Peas - Yellow, Dry",378,669.45,1011.82
678,Compound - Mocha,715,305.25,1548.63
679,Dish Towel,122,359.27,3829.02
680,Yogurt - Plain,170,951.84,2055.16
681,Lamb Leg - Bone - In Nz,429,451.18,719.79
682,Juice - Cranberry 284ml,490,809.63,2763.82
683,Mushroom - Crimini,670,837.22,1026.42
684,Peach - Halves,565,261.06,1351.28
685,"Pepper - White, Ground",591,750.44,3001.5
686,"Wine - Magnotta, Merlot Sr Vqa",37,144.87,3283.29
687,Sour Puss Raspberry,469,331.76,2127.46
688,"Fish - Base, Bouillion",683,315.3,1309.65
689,"Pork - Back, Long Cut, Boneless",83,506.05,2475.58
690,Wine - Magnotta - Pinot Gris Sr,258,108.94,3030.04
691,Clams - Canned,681,622.53,1024.51
692,"Wine - White, Cooking",450,290.05,1493.44
693,Sour Puss Raspberry,131,194.82,813.3
694,Chicken Thigh - Bone Out,101,781.45,1446.47
695,Melon - Watermelon Yellow,557,692.44,3910.74
696,Beer - Original Organic Lager,876,776.39,3843.24
697,Chocolate Bar - Oh Henry,907,613.35,3098.11
698,"Oil - Olive, Extra Virgin",4,80.38,1702.43
699,Cheese - Mix,892,942.71,3257.02
700,Cheese - Cream Cheese,303,303.87,2212.58
701,"Wine - Red, Mouton Cadet",213,314.99,3465.0
702,"Apple - Delicious, Golden",804,711.02,818.27
703,Bread Base - Toscano,625,332.03,1787.78
704,Sage - Rubbed,568,829.74,3428.22
705,Table Cloth 54x72 Colour,236,64.06,2914.45
706,Rootbeer,84,318.44,915.29
707,Allspice - Jamaican,99,515.32,3067.1
708,Dill Weed - Fresh,997,978.66,2424.56
709,Kiwi,697,188.12,2576.69
710,Wine - Gato Negro Cabernet,602,203.55,1456.84
711,Wine - Vineland Estate Semi - Dry,262,975.67,3280.47
712,Chicken - Soup Base,61,458.18,1526.85
713,Lid - 3oz Med Rec,923,739.48,2959.7
714,Mayonnaise - Individual Pkg,232,802.1,3525.98
715,Tuna - Bluefin,340,308.63,3227.78
716,Juice - Happy Planet,166,622.27,2353.42
717,Strawberries - California,477,788.72,1023.3
718,Containter - 3oz Microwave Rect.,804,639.75,961.55
719,"Pasta - Linguini, Dry",523,959.94,2239.65
720,Pernod,461,687.31,2746.92
721,"Mushroom - Morels, Dry",194,897.0,785.41
722,"Pepper - White, Ground",738,471.94,1974.07
723,"Soup - Campbells, Minestrone",820,861.68,1501.6
724,Flower - Commercial Bronze,363,256.91,3487.33
725,Cornflakes,254,229.32,2811.89
726,"Soup - Knorr, Veg / Beef",821,294.98,945.48
727,Muffin - Banana Nut Individual,517,632.34,1684.23
728,Wine - Kwv Chenin Blanc South,236,90.55,3248.46
729,Ice Cream - Turtles Stick Bar,946,723.51,1666.69
730,Quail - Jumbo,223,414.39,2326.79
731,Gherkin,539,979.19,2316.78
732,"Beef - Kindney, Whole",213,478.38,3945.16
733,Container - Foam Dixie 12 Oz,15,409.12,1221.77
734,Rice - Brown,708,608.16,1080.69
735,Dried Figs,550,57.98,1655.22
736,Mangoes,807,717.63,3623.36
737,Wine - Penfolds Koonuga Hill,97,625.66,2346.18
738,Plasticforkblack,940,638.21,1676.24
739,Bread - Rosemary Focaccia,136,139.25,943.41
740,Lemon Pepper,354,561.68,1808.15
741,Island Oasis - Raspberry,800,990.95,1308.62
742,Beer - Moosehead,342,243.66,1982.11
743,"Soup - Campbells, Lentil",893,166.13,2824.04
744,Wine - Touraine Azay - Le - Rideau,142,198.8,3782.2
745,Kiwi Gold Zespri,388,985.06,2958.17
746,Grapes - Red,301,154.71,1214.0
747,Wine - Magnotta - Bel Paese White,598,929.11,1561.6
748,Chicken - Tenderloin,823,457.98,3851.41
749,Tea - English Breakfast,692,566.51,3630.68
750,Cocoa Powder - Natural,696,751.09,2051.52
751,Rabbit - Legs,255,705.51,1764.05
752,Haggis,236,992.5,1950.51
753,Flavouring - Orange,398,737.85,1627.33
754,Seabream Whole Farmed,556,956.62,850.58
755,Pie Shell - 9,50,587.18,1472.05
756,Bread - Onion Focaccia,713,252.99,3269.0
757,Wine - Sake,814,815.21,3124.1
758,Arizona - Green Tea,164,261.27,1760.99
759,Wine - Trimbach Pinot Blanc,349,368.82,1852.97
760,"Onions - Dried, Chopped",675,320.0,2864.52
761,Sprite - 355 Ml,31,779.9,1786.59
762,Lid - 16 Oz And 32 Oz,957,771.66,1520.82
763,Flavouring Vanilla Artificial,952,198.6,3940.36
764,Food Colouring - Orange,957,723.92,1764.27
765,Fruit Mix - Light,876,50.24,1781.06
766,"Noodles - Cellophane, Thin",319,430.84,2862.06
767,Soup - Campbells,295,115.74,2028.56
768,Lamb Leg - Bone - In Nz,200,415.5,2880.13
769,Danishes - Mini Raspberry,778,393.5,3445.24
770,Kumquat,952,917.19,3750.97
771,Veal - Osso Bucco,663,261.23,2499.81
772,Mushroom - Portebello,155,282.15,864.95
773,"Chilli Paste, Sambal Oelek",595,213.59,1393.53
774,"Water - Spring Water, 355 Ml",136,891.74,728.27
775,Sobe - Cranberry Grapefruit,538,316.0,3118.99
776,Island Oasis - Ice Cream Mix,403,221.57,3090.71
777,"Pepper - Black, Whole",776,399.52,1059.47
778,"Pork - Loin, Bone - In",417,220.96,1323.13
779,Cream - 10%,200,322.6,1342.88
780,Sprouts - Bean,559,610.55,3496.26
781,Sugar - Icing,933,450.43,1811.41
782,Pepper - Yellow Bell,342,934.11,944.1
783,"Wine - Sherry Dry Sack, William",297,990.0,3598.15
784,Broom - Push,681,717.86,1772.25
785,Muffin Mix - Oatmeal,780,226.79,3317.14
786,Cut Wakame - Hanawakaba,903,147.37,2477.35
787,"Crab - Dungeness, Whole",900,904.78,3157.98
788,Kahlua,452,549.23,1797.19
789,Molasses - Fancy,50,602.86,1260.95
790,Filter - Coffee,361,974.93,1333.79
791,Cut Wakame - Hanawakaba,610,312.2,2874.59
792,Pate - Cognac,2,261.72,2065.32
793,Salt - Sea,328,941.2,3878.79
794,Pastry - Apple Large,294,909.84,932.48
795,Cucumber - English,123,748.23,2203.64
796,Chicken - Whole,198,738.55,1986.6
797,"Beans - Long, Chinese",792,68.76,2738.83
798,"Soup - Knorr, Chicken Gumbo",679,425.6,1902.35
799,Ice Cream - Chocolate,639,891.98,1987.21
800,Wine - Chianti Classica Docg,821,746.26,2142.11
801,Browning Caramel Glace,660,228.86,2739.62
802,Cheese - Comtomme,287,322.98,1433.56
803,Tea - Camomele,800,914.94,1767.24
804,Anchovy Fillets,454,805.09,1171.74
805,Muskox - French Rack,300,57.02,3486.17
806,Veal - Ground,827,289.09,3098.69
807,Gatorade - Orange,968,541.3,2568.51
808,Orange Roughy 6/8 Oz,686,171.32,3254.32
809,Soup - Campbells Mac N Cheese,28,839.63,3283.32
810,"Nut - Almond, Blanched, Whole",812,422.63,3841.31
811,"Sauce - Bernaise, Mix",410,473.66,1902.75
812,Coffee - Almond Amaretto,683,634.81,830.34
813,Marjoram - Fresh,609,250.7,1982.11
814,"Yeast - Fresh, Fleischman",652,211.95,3310.08
815,Rice - Brown,320,251.17,3607.13
816,Banana,944,84.04,2013.01
817,Energy Drink - Redbull 355ml,428,632.53,1021.62
818,Brandy Apricot,367,231.19,2018.5
819,"Veal - Round, Eye Of",31,626.29,706.33
820,Meldea Green Tea Liquor,791,445.84,3529.43
821,"Juice - Apple, 500 Ml",782,360.19,2936.08
822,V8 - Vegetable Cocktail,778,386.9,1520.71
823,"Cheese - Brie, Triple Creme",114,347.62,2567.53
824,Plaintain,804,425.02,2810.69
825,Onions - Green,362,913.16,3581.54
826,Coconut Milk - Unsweetened,876,183.49,3409.28
827,Chives - Fresh,318,179.72,1119.48
828,Honey - Liquid,214,313.16,3151.9
829,Whmis - Spray Bottle Trigger,687,407.84,3627.86
830,Pork - Side Ribs,60,932.5,735.94
831,Lamb Tenderloin Nz Fr,11,974.09,2341.84
832,Shark - Loin,373,506.45,3149.98
833,Soup Campbells - Italian Wedding,851,976.58,3405.1
834,Bread - White Epi Baguette,892,379.04,1961.94
835,"Tart Shells - Sweet, 2",989,291.84,2817.6
836,Ginger - Ground,527,395.2,990.5
837,Syrup - Kahlua Chocolate,500,751.96,1706.74
838,"Soup - Campbells, Classic Chix",656,496.68,1397.13
839,Long Island Ice Tea,787,752.64,1687.34
840,Flavouring - Raspberry,350,922.9,1279.94
841,Mace,580,220.04,764.85
842,Parsley Italian - Fresh,864,507.12,1242.15
843,"Pail - 15l White, With Handle",461,140.64,2614.01
844,Pan Grease,139,102.43,2240.34
845,Wine - Magnotta - Belpaese,188,844.68,3709.45
846,Sandwich Wrap,490,537.35,925.31
847,Wine - Chianti Classico Riserva,163,823.89,1799.88
848,Muffin Batt - Ban Dream Zero,925,248.2,2481.38
849,Gloves - Goldtouch Disposable,866,116.33,2741.13
850,"Pasta - Rotini, Colour, Dry",325,98.06,2153.95
851,Soup - Campbells,442,399.58,2904.82
852,"Pasta - Lasagne, Fresh",205,223.74,3880.18
853,Cake - Dulce De Leche,590,532.25,1830.45
854,Tuna - Sushi Grade,380,368.85,3798.36
855,"Spoon - Soup, Plastic",724,418.37,2477.18
856,Coffee Swiss Choc Almond,112,76.61,2197.41
857,"Pail - 15l White, With Handle",412,612.25,1325.91
858,Juice - Cranberry 284ml,318,269.09,3159.58
859,"Juice - Cranberry, 341 Ml",629,562.37,2167.44
860,Haggis,563,630.94,2229.91
861,"Soup - Knorr, Country Bean",305,190.45,1574.09
862,Wine - Rhine Riesling Wolf Blass,7,732.11,2870.0
863,Duck - Breast,655,910.2,3202.29
864,Cookie Chocolate Chip With,92,616.55,1572.11
865,Muffin - Mix - Strawberry Rhubarb,146,416.47,3689.39
866,Tomatoes Tear Drop Yellow,460,729.77,886.37
867,Lighter - Bbq,690,225.7,3771.44
868,Sauce - Hollandaise,886,360.49,2722.33
869,"Lid - Translucent, 3.5 And 6 Oz",826,840.26,1594.61
870,"Juice - Orange, Concentrate",111,870.17,3319.66
871,Gatorade - Cool Blue Raspberry,844,174.83,3897.15
872,Oven Mitt - 13 Inch,428,331.6,1773.57
873,Sobe - Cranberry Grapefruit,242,947.41,3592.92
874,Beets - Pickled,54,991.47,2023.07
875,Appetizer - Smoked Salmon / Dill,602,248.51,2362.25
876,"Pasta - Lasagna Noodle, Frozen",365,524.9,1404.93
877,Cheese - Swiss Sliced,829,197.99,3236.47
878,Chocolate Bar - Oh Henry,602,635.53,3634.42
879,Star Fruit,156,466.2,2844.64
880,Wine - Cotes Du Rhone Parallele,156,541.17,2504.19
881,"Brocolinni - Gaylan, Chinese",240,880.71,3153.17
882,Beets - Mini Golden,330,787.68,1041.59
883,"Water - Mineral, Natural",995,573.4,2161.35
884,Wine - Semi Dry Riesling Vineland,976,524.93,3908.29
885,"Extract - Vanilla,artificial",996,864.55,3139.03
886,Cake - Night And Day Choclate,969,103.17,2272.42
887,Raspberries - Fresh,66,456.89,2468.55
888,Orange Roughy 4/6 Oz,990,391.3,3103.81
889,Beef - Tenderloin Tails,63,218.04,2668.26
890,Sea Urchin,139,938.18,3656.24
891,Nougat - Paste / Cream,548,705.08,2894.71
892,Lamb - Loin Chops,775,388.43,3599.32
893,Cheese - Stilton,964,409.49,3946.73
894,Bread - White Epi Baguette,248,215.65,2026.73
895,"Soup - Campbells, Beef Barley",183,784.0,3039.12
896,"Soup - Campbells, Cream Of",621,974.01,3846.35
897,Garam Marsala,67,378.81,2502.88
898,Cocoa Feuilletine,141,744.32,3470.45
899,Veal - Ground,669,133.82,3327.51
900,"Mushroom - Enoki, Dry",979,590.29,3033.95
901,Grapefruit - Pink,213,995.26,1923.73
902,Flower - Carnations,159,203.79,3957.56
903,Wine - Alicanca Vinho Verde,891,488.64,3857.32
904,Beef - Ground Medium,782,959.54,2597.94
905,Spice - Chili Powder Mexican,772,283.02,3833.08
906,Cheese - Goat,52,641.81,3211.37
907,Taro Root,279,84.92,2942.73
908,Mayonnaise,335,959.83,2682.85
909,Tea - Mint,88,353.25,1779.1
910,"Potatoes - Purple, Organic",654,975.82,3755.03
911,Dish Towel,864,306.27,3877.22
912,Loquat,963,601.28,3869.78
913,Beer - Camerons Auburn,130,323.8,781.9
914,"Crab - Claws, Snow 16 - 24",872,838.83,2179.35
915,Beef - Diced,521,187.71,1523.02
916,Pie Shell - 5,920,843.24,2766.64
917,Soup Campbells,374,502.09,3297.82
918,Veal - Knuckle,60,828.21,1708.65
919,Container - Hngd Cll Blk 7x7x3,823,90.09,1355.99
920,Water - Tonic,837,203.92,1364.02
921,Chef Hat 20cm,457,73.49,804.08
922,Flour - Bread,79,968.4,2048.26
923,Chips - Miss Vickies,479,436.75,3894.8
924,Basil - Thai,717,586.4,3190.02
925,Puree - Passion Fruit,733,148.61,2720.78
926,"Soup - Beef, Base Mix",174,837.59,1079.96
927,Muffin - Carrot Individual Wrap,845,219.07,2521.48
928,Island Oasis - Lemonade,723,150.85,2655.0
929,Beer - Rickards Red,807,836.47,2120.76
930,Apricots Fresh,662,929.07,1951.63
931,Yoplait - Strawbrasp Peac,286,231.58,2944.78
932,Island Oasis - Cappucino Mix,633,320.11,2182.84
933,Wine - Barossa Valley Estate,133,937.24,1539.88
934,Chinese Foods - Chicken,811,419.02,2853.94
935,Breadfruit,623,529.13,1550.88
936,Foie Gras,214,140.02,1226.6
937,Appetiser - Bought,684,569.21,3018.89
938,Contreau,545,892.89,3744.53
939,"Vodka - Hot, Lnferno",79,719.01,1897.41
940,"Pineapple - Canned, Rings",316,701.21,1066.75
941,"Stock - Veal, White",712,407.32,1270.75
942,Corn Syrup,913,346.78,2779.2
943,Bread Base - Goodhearth,301,317.24,1771.54
944,Steam Pan - Half Size Deep,927,164.47,2004.4
945,"Salmon - Atlantic, Fresh, Whole",993,223.39,3005.56
946,Cookie Double Choco,48,339.05,1740.39
947,Myers Planters Punch,389,318.84,2707.79
948,"Pepper - Black, Whole",2,220.45,1626.07
949,Bok Choy - Baby,204,659.65,3383.7
950,Aspic - Clear,751,341.75,3239.39
951,Salmon - Fillets,554,362.07,1757.0
952,Kellogs Cereal In A Cup,853,167.57,3051.29
953,Capicola - Hot,842,989.06,1919.37
954,Kahlua,231,417.87,2424.6
955,Lid - 16 Oz And 32 Oz,505,624.32,2981.56
956,Cauliflower,480,169.32,1947.43
957,Dr. Pepper - 355ml,318,357.4,2578.09
958,The Pop Shoppe - Grape,852,540.14,3143.35
959,Rice Wine - Aji Mirin,856,679.46,2268.96
960,Orange Roughy 4/6 Oz,908,337.29,863.21
961,"Tortillas - Flour, 12",194,402.82,1866.51
962,"Chicken - Diced, Cooked",503,663.6,2575.59
963,"Beef - Rib Roast, Capless",770,296.07,2541.99
964,"Tortillas - Flour, 8",77,380.45,3588.34
965,Cake - Mini Potato Pancake,152,283.74,3637.02
966,Wine - Crozes Hermitage E.,26,55.57,3470.36
967,Banana Turning,679,527.37,2988.01
968,"Soup - Campbells, Minestrone",131,446.17,2719.95
969,Pomegranates,529,347.05,3081.89
970,Pepper - Cayenne,372,135.1,3950.54
971,Coffee - Irish Cream,13,501.55,1197.81
972,Pan Grease,780,697.68,1496.56
973,Salmon - Canned,561,558.26,3933.79
974,Milk - Homo,452,428.17,2851.69
975,Soup - Cream Of Broccoli,351,527.21,2655.63
976,Crackers - Melba Toast,586,758.14,3019.01
977,"Veal - Brisket, Provimi,bnls",456,750.03,1715.1
978,Flour - Teff,125,276.67,2553.23
979,Soup - Campbells Chicken,502,718.69,847.5
980,Oil - Peanut,17,663.78,3804.1
981,Dragon Fruit,249,96.56,3421.54
982,"Rum - Dark, Bacardi, Black",647,346.04,2989.8
983,Ham - Virginia,273,749.21,747.97
984,Butter - Salted,4,752.72,1480.33
985,Clams - Canned,938,942.04,1927.44
986,"Wine - White, Riesling, Henry Of",426,108.24,2697.15
987,Bay Leaf Ground,821,285.52,2725.8
988,Rabbit - Whole,949,449.73,1134.94
989,Milkettes - 2%,795,890.15,3598.54
990,Nantucket - Pomegranate Pear,478,157.65,2944.58
991,Scampi Tail,447,615.89,2651.64
992,Flour - Semolina,550,444.6,1847.51
993,Shrimp - Black Tiger 8 - 12,743,537.32,1150.53
994,Gatorade - Lemon Lime,289,567.9,2448.03
995,Sprouts - Peppercress,183,103.5,1938.13
996,"Split Peas - Green, Dry",953,587.0,3071.07
997,Pepper - Yellow Bell,14,742.66,2179.11
998,Table Cloth 81x81 White,848,938.78,3769.44
999,Flavouring - Rum,639,359.48,2836.79
1000,Lumpfish Black,369,320.75,3610.84
